record_id,citation_short_or_title,year ,url_or_doi,source,biomarkers,stage,genotype_strat,biomarker_quant,notes,decision,exclusion_reason,database_source,title_screen,title_exclusion_reason,abstract_screen,abstract_exclusion_reason,full_text_screen,full_text_exclusion_reason
P001,Fredrikson_2007,2007,https://bevital.no/pmu/Pages/papers%20pdf/2007/fredriksen_07_hm_28_856.pdf,pre-prospectus,tHcy; folate; B12; betaine; DMG; choline,candidate,yes,yes,"""large pop study""",,,,,,,,,
P002,Hustad_2007,2007,https://pmc.ncbi.nlm.nih.gov/articles/PMC1852731/,pre-prospectus,tHcy; folate; riboflavin; colbamin; B6,candidate,yes,yes,"""10,000+ participants, quantifies markers by genotype, examines thc and b vit network"" ",,,,,,,,,
P003,Davis_2005,2005,https://www.sciencedirect.com/science/article/pii/S0022316622101860,pre-prospectus,tHcy; folate; SAM; SAH,candidate,yes,yes,"""controlled sample (n=18), good for mechanistic overview evidence"" ",,,,,,,,,
P004,Ho_2013,2013,https://link.springer.com/article/10.1007/s12263-013-0358-2,pre-prospectus,tHcy; SAM; SAH,candidate,yes,yes,"""n=570"" ",,,,,,,,,
P005,Yang_2011,2011,https://pmc.ncbi.nlm.nih.gov/articles/PMC3021427/,pre-prospectus,tHcy; betaine; DMG,candidate,yes,yes,"""uses controlled folate manipulation, measured quantitatively"" ",,,,,,,,,
P006,Zeisel_2007,2007,10.1016/j.neulet.2007.01.046,pre-prospectus,tHcy; betaine; DMG; choline,candidate ,no,yes,"""no stratified genotype so will not include"" ",reject,"""genotype_strat = no""",,,,,,,
P007,Safety and Efficacy of High-Dose Folinic Acid in Children with Autism: The Impact of Folate Metabolism Gene Polymorphisms,2025,10.3390/nu17091602,database_search,,,,,,,,Pubmed_2026-02-11,maybe ,,no,"""genotype_strat = no""",,
P008,Efficacy of folic acid therapy in primary prevention of stroke among adults with hypertension in China: the CSPPT randomized clinical trial,2015,10.1001/jama.2015.2274,database_search,,,,,,,,Pubmed_2026-02-12,yes ,,yes ,,,
P009,Association between serum 5-methyltetrahydrofolate and homocysteine in Chinese hypertensive participants with different MTHFR C677T polymorphisms: a cross-sectional study,2022,10.1186/s12937-022-00786-w,database_search,,,,,,,,Pubmed_2026-02-13,yes ,,yes ,,,
P010,MTHFR Gene and Serum Folate Interaction on Serum Homocysteine Lowering: Prospect for Precision Folic Acid Treatment,2018,10.1161/ATVBAHA.117.310211,database_search,,,,,,,,Pubmed_2026-02-14,yes ,,no,"""duplicate/plan of next source""",,
P011,Optimal folic acid dosage in lowering homocysteine: Precision Folic Acid Trial to lower homocysteine (PFAT-Hcy),2024,10.1007/s00394-024-03344-8,database_search,,,,,,,,Pubmed_2026-02-15,yes ,,yes ,,,
P012,Homocysteine and IgA nephropathy: observational and Mendelian randomization analyses,2020,10.1097/CM9.0000000000000613,database_search,,,,,,,,Pubmed_2026-02-16,yes ,,no,"""not stratified"" ",,
P013,"Pre-gestational diabetes mellitus, gestational diabetes mellitus, and its association with the MTHFR C677T polymorphism",2024,10.1097/MD.0000000000038648,database_search,,,,,,,,Pubmed_2026-02-17,yes ,,no,"""pregnancy impact on baseline metrics""",,
P014,Association of the MTHFR Gene C677T Polymorphism with Breast Cancer in a Turkish Population,2016,10.1159/000448084,database_search,,,,,,,,Pubmed_2026-02-18,yes ,,maybe ,"""cant access full text"" ",,
P015,Prevalence of MTHFR C677T polymorphism and its association with serum homocysteine and blood pressure among different ethnic groups: insights from a cohort study of Nepal,2025,10.1186/s12872-025-04690-z,database_search,,,,,,,,Pubmed_2026-02-19,yes ,,yes ,,,
P016,Homocysteine and all-cause mortality in hypertensive adults without pre-existing cardiovascular conditions: Effect modification by MTHFR C677T polymorphism,2017,10.1097/MD.0000000000005862,database_search,,,,,,,,Pubmed_2026-02-20,yes ,,yes ,"""good source"" ",,
P017,"Genetic effect of MTHFR C677T, A1298C, and A1793G polymorphisms on the age at onset, plasma homocysteine, and white matter lesions in Alzheimer's disease in the Chinese population",2021,10.18632/aging.202827,database_search,,,,,,,,Pubmed_2026-02-21,,,,,,
P018,"Infant blood concentrations of folate markers and catabolites are modified by 5,10-methylenetetrahydrofolate reductase C677T genotype and dietary folate source",2023,10.1016/j.ajcnut.2022.09.002,database_search,,,,,,,,Pubmed_2026-02-22,,,,,,
P019,Homocysteine and Stroke Risk: Modifying Effect of Methylenetetrahydrofolate Reductase C677T Polymorphism and Folic Acid Intervention,2017,10.1161/STROKEAHA.116.015324,database_search,,,,,,,,Pubmed_2026-02-23,,,,,,
P020,MTHFR C677T genotype influences the isotopic enrichment of one-carbon metabolites in folate-compromised men consuming d9-choline,2011,10.3945/ajcn.110.005975,database_search,,,,,,,,Pubmed_2026-02-24,,,,,,
P021,"Homocysteine Metabolism Gene Polymorphisms (MTHFR C677T, MTHFR A1298C, MTR A2756G and MTRR A66G) Jointly Elevate the Risk of Folate Deficiency",2015,10.3390/nu7085303,database_search,,,,,,,,Pubmed_2026-02-25,,,,,,
P022,MTHFR C677T gene polymorphism and the severity of coronary lesions in acute coronary syndrome,2017,10.1097/MD.0000000000009044,database_search,,,,,,,,Pubmed_2026-02-26,,,,,,
P023,"Homocysteine, MTHFR C677 T, vitamin B12, and folate levels in Thai children with ischemic stroke: a case-control study",2006,10.1097/MPH.0b013e31802d3e8a,database_search,,,,,,,,Pubmed_2026-02-27,,,,,,
P024,MTHFR C677T and MTR A2756G polymorphisms and the homocysteine lowering efficacy of different doses of folic acid in hypertensive Chinese adults,2012,10.1186/1475-2891-11-2,database_search,,,,,,,,Pubmed_2026-02-28,,,,,,
P025,MTHFR C677T polymorphism increases MTX sensitivity via the inhibition of S-adenosylmethionine and de novo purine synthesis,2019,10.1042/CS20180932,database_search,,,,,,,,Pubmed_2026-02-29,,,,,,
P026,Food Intervention with Folate Reduces TNF-Œ± and Interleukin Levels in Overweight and Obese Women with the MTHFR C677T Polymorphism: A Randomized Trial,2020,10.3390/nu12020361,database_search,,,,,,,,Pubmed_2026-02-30,,,,,,
P027,Interaction of serum vitamin B(12) and folate with MTHFR genotypes on risk of ischemic stroke,2020,10.1212/WNL.0000000000008932,database_search,,,,,,,,Pubmed_2026-02-31,,,,,,
P028,"Plasma homocysteine, MTHFR C677T, CBS 844ins68bp, and MTHFD1 G1958A polymorphisms in spontaneous cervical artery dissections",2004,10.1007/s00415-004-0523-z,database_search,,,,,,,,Pubmed_2026-02-32,,,,,,
P029,Effect of riboflavin status on the homocysteine-lowering effect of folate in relation to the MTHFR (C677T) genotype,2003,10.1373/49.2.295,database_search,,,,,,,,Pubmed_2026-02-33,,,,,,
P030,"Plasma folate, vitamin B(12), and total homocysteine and homozygosity for the C677T mutation of the 5,10-methylene tetrahydrofolate reductase gene in patients with Alzheimer's dementia. A case-control study",2001,10.1159/000052822,database_search,,,,,,,,Pubmed_2026-02-34,,,,,,
P031,One-carbon metabolites and telomere length in a prospective and randomized study of B- and/or D-vitamin supplementation,2017,10.1007/s00394-016-1231-z,database_search,,,,,,,,Pubmed_2026-02-35,,,,,,
P032,"Correlation of clinical response with homocysteine reduction during therapy with reduced B vitamins in patients with MDD who are positive for MTHFR C677T or A1298C polymorphism: a randomized, double-blind, placebo-controlled study",2016,10.4088/JCP.15m10166,database_search,,,,,,,,Pubmed_2026-02-36,,,,,,
P033,Homocysteine and folate status in methotrexate-treated patients with rheumatoid arthritis,2002,10.1093/rheumatology/41.6.658,database_search,,,,,,,,Pubmed_2026-02-37,,,,,,
P034,The effects of vitamin supplementation and MTHFR (C677T) genotype on homocysteine-lowering and migraine disability,2009,10.1097/FPC.0b013e32832af5a3,database_search,,,,,,,,Pubmed_2026-02-38,,,,,,
P035,Homocysteine lowering by folate-rich diet or pharmacological supplementations in subjects with moderate hyperhomocysteinemia,2013,10.3390/nu5051531,database_search,,,,,,,,Pubmed_2026-02-39,,,,,,
P036,Impact of MTHFR C677T gene polymorphism and vitamins intake on homocysteine concentration in the Polish adult population,2011,,database_search,,,,,,,,Pubmed_2026-02-40,,,,,,
P037,"The prevalence, relative risk factors and MTHFR C677T genotype of H type hypertension of the elderly hypertensives in Shanghai, China: a cross-section study : Prevalence of H type hypertension",2021,10.1186/s12872-021-02151-x,database_search,,,,,,,,Pubmed_2026-02-41,,,,,,
P038,"Haplotype analysis of the folate-related genes MTHFR, MTRR, and MTR and migraine with aura",2013,10.1177/0333102413477738,database_search,,,,,,,,Pubmed_2026-02-42,,,,,,
P039,"An MTHFR variant, homocysteine, and cardiovascular comorbidity in renal disease",2001,10.1046/j.1523-1755.2001.0600031106.x,database_search,,,,,,,,Pubmed_2026-02-43,,,,,,
P040,Effects of dietary folate intake on migraine disability and frequency,2015,10.1111/head.12490,database_search,,,,,,,,Pubmed_2026-02-44,,,,,,
P041,Hyperhomocysteinemia and C677T MTHFR genotype in patients with retinal vein thrombosis,2010,10.1177/1076029609348644,database_search,,,,,,,,Pubmed_2026-02-45,,,,,,
P042,Gene--nutrition interactions in coronary artery disease: correlation between the MTHFR C677T polymorphism and folate and homocysteine status in a Korean population,2006,10.1016/j.thromres.2005.04.009,database_search,,,,,,,,Pubmed_2026-02-46,,,,,,
P043,Homocysteinemia is Associated with the Presence of Microbleeds in Cognitively Impaired Patients,2020,10.1016/j.jstrokecerebrovasdis.2020.105302,database_search,,,,,,,,Pubmed_2026-02-47,,,,,,
P044,Combined effect of polymorphisms of MTHFR and MTR and arsenic methylation capacity on developmental delay in preschool children in Taiwan,2020,10.1007/s00204-020-02745-y,database_search,,,,,,,,Pubmed_2026-02-48,,,,,,
P045,Methylenetetrahydrofolate reductase C677T and methionine synthase A2756G gene polymorphisms and associated risk of cardiovascular diseases: A study from Jammu region,2016,10.1016/j.ihj.2016.02.009,database_search,,,,,,,,Pubmed_2026-02-49,,,,,,
P046,The C677T MTHFR genotypes influence the efficacy of B9 and B12 vitamins supplementation to lowering plasma total homocysteine in hemodialysis,2016,10.1007/s40620-015-0235-8,database_search,,,,,,,,Pubmed_2026-02-50,,,,,,
P047,"Association of MTRRA66G polymorphism (but not of MTHFR C677T and A1298C, MTRA2756G, TCN C776G) with homocysteine and coronary artery disease in the French population",2005,10.1160/TH05-04-0262,database_search,,,,,,,,Pubmed_2026-02-51,,,,,,
P048,Association of MTHFR C677T polymorphism with severity and localization of chronic atrophic gastritis patients without Helicobacter pylori infection: a case control study,2020,10.1186/s12885-020-07208-2,database_search,,,,,,,,Pubmed_2026-02-52,,,,,,
P049,Are effects of MTHFR (C677T) genotype on BMD confined to women with low folate and riboflavin intake? Analysis of food records from the Danish osteoporosis prevention study,2005,10.1016/j.bone.2004.12.014,database_search,,,,,,,,Pubmed_2026-02-53,,,,,,
P050,"Homocysteine, methylenetetrahydrofolate reductase C677T polymorphism and the B-vitamins: a facet of nature-nurture interplay",2003,10.1515/CCLM.2003.083,database_search,,,,,,,,Pubmed_2026-02-54,,,,,,
P051,"Optimization of dietary folate or low-dose folic acid supplements lower homocysteine but do not enhance endothelial function in healthy adults, irrespective of the methylenetetrahydrofolate reductase (C677T) genotype",2001,10.1016/s0735-1097(01)01668-0,database_search,,,,,,,,Pubmed_2026-02-55,,,,,,
P052,"Homocysteine serum levels and MTHFR C677T genotype in patients with Parkinson's disease, with and without levodopa therapy",2006,10.1016/j.jns.2006.05.040,database_search,,,,,,,,Pubmed_2026-02-56,,,,,,
P053,Comparison of homocysteinemia and MTHFR 677CT polymorphism with Framingham Coronary Heart Risk Score,2014,10.1016/j.acmx.2013.12.006,database_search,,,,,,,,Pubmed_2026-02-57,,,,,,
P054,"5,10-Methylenetetrahydrofolate reductase (MTHFR), methionine synthase (MTRR), and methionine synthase reductase (MTR) gene polymorphisms and adult meningioma risk",2013,10.1007/s11060-013-1218-z,database_search,,,,,,,,Pubmed_2026-02-58,,,,,,
P055,Predictive value of homocysteine for depression after acute coronary syndrome,2016,10.18632/oncotarget.11966,database_search,,,,,,,,Pubmed_2026-02-59,,,,,,
P056,Maternal C677T MTHFR polymorphism and environmental factors are associated with cleft lip and palate in a Mexican population,2013,10.2310/JIM.0b013e31829a7e7e,database_search,,,,,,,,Pubmed_2026-02-60,,,,,,
P057,Determinants of folate and vitamin B12 plasma levels in the French E3N-EPIC cohort,2018,10.1007/s00394-016-1365-z,database_search,,,,,,,,Pubmed_2026-02-61,,,,,,
P058,"Betaine supplementation modulates betaine concentration by methylenetetrahydrofolate reductase genotype, but has no effect on amino acid profile in healthy active males: A randomized placebo-controlled cross-over study",2024,10.1016/j.nutres.2024.05.003,database_search,,,,,,,,Pubmed_2026-02-62,,,,,,
P059,"Betaine supplementation improves CrossFit performance and increases testosterone levels, but has no influence on Wingate power: randomized crossover trial",2023,10.1080/15502783.2023.2231411,database_search,,,,,,,,Pubmed_2026-02-63,,,,,,
P060,Lack of association between the MTHFR (C677T) polymorphism and atopic disease,2009,10.1111/j.1752-699X.2009.00128.x,database_search,,,,,,,,Pubmed_2026-02-64,,,,,,
P061,The one-carbon-cycle and methylenetetrahydrofolate reductase (MTHFR) C677T polymorphism in recurrent major depressive disorder; influence of antidepressant use and depressive state?,2014,10.1016/j.jad.2014.04.048,database_search,,,,,,,,Pubmed_2026-02-65,,,,,,
P062,Effect of the MTHFR C677T and A1298C polymorphisms on survival in patients with advanced CKD and ESRD: a prospective study,2009,10.1053/j.ajkd.2008.12.023,database_search,,,,,,,,Pubmed_2026-02-66,,,,,,
P063,"Polymorphisms of 5,10-methylenetetrahydrofolate reductase and thymidylate synthase, dietary folate intake, and the risk of leukemia in adults",2016,10.1007/s13277-015-4168-6,database_search,,,,,,,,Pubmed_2026-02-67,,,,,,
P064,MTHFR C677T polymorphism and risk of HCC in patients with liver cirrhosis: role of male gender and alcohol consumption,2009,10.1111/j.1530-0277.2008.00816.x,database_search,,,,,,,,Pubmed_2026-02-68,,,,,,
P065,Methylenetetrahydrofolate reductase C677T and A1298C gene variants in adult non-Hodgkin's lymphoma patients: association with toxicity and survival,2007,10.3324/haematol.10587,database_search,,,,,,,,Pubmed_2026-02-69,,,,,,
P066,"Association between 5,10-methylenetetrahydrofolate reductase C677T and A1298C polymorphisms and conotruncal heart defects",2003,10.1515/CCLM.2003.043,database_search,,,,,,,,Pubmed_2026-02-70,,,,,,
P067,Interaction between MTHFR 677C>T and periconceptional folic acid supplementation in the risk of Hypospadias,2016,10.1002/bdra.23487,database_search,,,,,,,,Pubmed_2026-02-71,,,,,,
P068,"Role of C677T and A1298C MTHFR, A2756G MTR and -786 C/T eNOS gene polymorphisms in atrial fibrillation susceptibility",2007,10.1371/journal.pone.0000495,database_search,,,,,,,,Pubmed_2026-02-72,,,,,,
P069,"Interactions of Methylenetetrahydrofolate Reductase Gene Polymorphisms, Folate, and Homocysteine on Blood Pressure in a Chinese Hypertensive Population",2017,10.7754/Clin.Lab.2016.160918,database_search,,,,,,,,Pubmed_2026-02-73,,,,,,
P070,"MTHFR polymorphisms, folate intake and carcinogen DNA adducts in the lung",2012,10.1002/ijc.27338,database_search,,,,,,,,Pubmed_2026-02-74,,,,,,
P071,Use of MTHFR C677T polymorphism and plasma pharmacokinetics to predict methotrexate toxicity in patients with acute lymphoblastic leukemia,2018,10.17219/acem/69802,database_search,,,,,,,,Pubmed_2026-02-75,,,,,,
P072,Folate pathway genetic polymorphisms modulate methotrexate-induced toxicity in childhood acute lymphoblastic leukemia,2019,10.1007/s00280-019-03776-8,database_search,,,,,,,,Pubmed_2026-02-76,,,,,,
P073,Vitamin B12 level in peripheral arterial disease,2013,10.1007/s11239-012-0807-6,database_search,,,,,,,,Pubmed_2026-02-77,,,,,,
P074,Genotypes of the MTHFR C677T and MTRR A66G genes act independently to reduce migraine disability in response to vitamin supplementation,2012,10.1097/FPC.0b013e3283576b6b,database_search,,,,,,,,Pubmed_2026-02-78,,,,,,
P075,Predicting Hyperhomocysteinemia by Methylenetetrahydrofolate Reductase C677T Polymorphism in Chinese Patients With Hypertension,2015,10.1177/1076029613519849,database_search,,,,,,,,Pubmed_2026-02-79,,,,,,
P076,Methylenetetrahydrofolate reductase polymorphism (MTHFR C677T) and headache in children: a retrospective study from a tertiary level outpatient service,2018,10.1186/s13052-018-0546-1,database_search,,,,,,,,Pubmed_2026-02-80,,,,,,
P077,Polymorphisms in folate-metabolizing enzymes and response to 5-fluorouracil among patients with stage II or III rectal cancer (INT-0144; SWOG 9304),2014,10.1002/cncr.28830,database_search,,,,,,,,Pubmed_2026-02-81,,,,,,
P078,Infant C677T MTHFR polymorphism and severe mental retardation,2007,10.1002/bdra.20321,database_search,,,,,,,,Pubmed_2026-02-82,,,,,,
P079,Responses of biomarkers of folate and riboflavin status to folate and riboflavin supplementation in healthy and colorectal polyp patients (the FAB2 Study),2007,10.1158/1055-9965.EPI-07-0208,database_search,,,,,,,,Pubmed_2026-02-83,,,,,,
P080,MTHFR C677T and A1298C polymorphisms and cerebral stroke in two twin gestations,2011,10.1007/s00381-010-1340-6,database_search,,,,,,,,Pubmed_2026-02-84,,,,,,
P081,Folate and MTHFR: risk of adenoma recurrence in the Polyp Prevention Trial,2008,10.1007/s10552-008-9137-6,database_search,,,,,,,,Pubmed_2026-02-85,,,,,,
P082,Hyperhomocysteinemia and the MTHFR C677T mutation in central retinal vein occlusion,2000,10.1034/j.1600-0420.2000.078003340.x,database_search,,,,,,,,Pubmed_2026-02-86,,,,,,
P083,Impact of the MTHFR C677T polymorphism on one-carbon metabolites: Evidence from a randomised trial of riboflavin supplementation,2020,10.1016/j.biochi.2020.04.004,database_search,,,,,,,,Pubmed_2026-02-87,,,,,,
P084,"Aberrant DNA methylation of P16, MGMT, and hMLH1 genes in combination with MTHFR C677T genetic polymorphism and folate intake in esophageal squamous cell carcinoma",2012,10.7314/apjcp.2012.13.10.5303,database_search,,,,,,,,Pubmed_2026-02-88,,,,,,
P085,The MTHFR C677T and DeltaDNMT3B C-149T polymorphisms confer different risks for right- and left-sided colorectal cancer,2009,10.1002/ijc.24324,database_search,,,,,,,,Pubmed_2026-02-89,,,,,,
P086,Prospective study of methylenetetrahydrofolate reductase (MTHFR) variant C677T and risk of all-cause and cardiovascular disease mortality among 6000 US adults,2012,10.3945/ajcn.111.022384,database_search,,,,,,,,Pubmed_2026-02-90,,,,,,
P087,Hyperhomocysteinaemia is an independent risk factor of abdominal aortic aneurysm in a Chinese Han population,2016,10.1038/srep17966,database_search,,,,,,,,Pubmed_2026-02-91,,,,,,
P088,Evaluation of the MTHFR A1298C variant in leukoaraiosis,2012,10.1007/s12031-011-9621-4,database_search,,,,,,,,Pubmed_2026-02-92,,,,,,
P089,Vitamin B-12 status is inversely associated with plasma homocysteine in young women with C677T and/or A1298C methylenetetrahydrofolate reductase polymorphisms,2002,10.1093/jn/132.7.1872,database_search,,,,,,,,Pubmed_2026-02-93,,,,,,
P090,Elevation in Total Homocysteine Levels in Chinese Patients With Essential Hypertension Treated With Antihypertensive Benazepril,2016,10.1177/1076029614565881,database_search,,,,,,,,Pubmed_2026-02-94,,,,,,
P091,Synergistic effect of methyltetrahydrofolate reductase (MTHFR) C677T and A1298C polymorphism as risk modifiers of pediatric acute lymphoblastic leukemia,2007,,database_search,,,,,,,,Pubmed_2026-02-95,,,,,,
P092,Association of C677T transition of the human methylenetetrahydrofolate reductase (MTHFR) gene with male infertility,2016,10.1071/RD14186,database_search,,,,,,,,Pubmed_2026-02-96,,,,,,
P093,Determinants of maternal pregnancy one-carbon metabolism and newborn human DNA methylation profiles,2014,10.1530/REP-14-0260,database_search,,,,,,,,Pubmed_2026-02-97,,,,,,
P094,Evaluation of the MTHFR C677T Polymorphism as a Risk Factor for Colorectal Cancer in Asian Populations,2015,10.7314/apjcp.2015.16.18.8093,database_search,,,,,,,,Pubmed_2026-02-98,,,,,,
P095,Methylenetetrahydrofolate reductase (MTHFR) polymorphism (C677T) in relation to homocysteine concentration in overweight and obese Thais,2005,,database_search,,,,,,,,Pubmed_2026-02-99,,,,,,
P096,Methylenetetrahydrofolate reductase (MTHFR) C677T genetic polymorphism and late infarct-related coronary artery patency after thrombolysis,2009,10.1007/s11239-008-0235-9,database_search,,,,,,,,Pubmed_2026-02-100,,,,,,
P097,"Serum homocysteine, folate level and methylenetetrahydrofolate reductase 677, 1298 gene polymorphism in Korean schizophrenic patients",2006,10.1097/01.wnr.0000215777.99473.52,database_search,,,,,,,,Pubmed_2026-02-101,,,,,,
P098,Methotrexate pharmacogenetics in Uruguayan adults with hematological malignant diseases,2017,10.1016/j.ejps.2017.09.006,database_search,,,,,,,,Pubmed_2026-02-102,,,,,,
P099,The basis of differential responses to folic acid supplementation,2011,10.1159/000327768,database_search,,,,,,,,Pubmed_2026-02-103,,,,,,
P100,Gene-nutrient and gene-gene interactions of controlled folate intake by Japanese women,2004,10.1016/j.bbrc.2004.02.174,database_search,,,,,,,,Pubmed_2026-02-104,,,,,,
P101,Methylenetetrahydrofolate reductase C677T and A1298C polymorphisms and nonsyndromic orofacial clefts susceptibility in a southern Chinese population,2011,10.1089/dna.2010.1185,database_search,,,,,,,,Pubmed_2026-02-105,,,,,,
P102,Distribution and determinants of plasma homocysteine levels in rural Chinese twins across the lifespan,2014,10.3390/nu6125900,database_search,,,,,,,,Pubmed_2026-02-106,,,,,,
P103,Green tea consumption and breast cancer risk in Japanese women: a case-control study,2014,10.1080/01635581.2014.847963,database_search,,,,,,,,Pubmed_2026-02-107,,,,,,
P104,Metabolic and genetic risk factors for migraine in children,2006,10.1111/j.1468-2982.2006.01107.x,database_search,,,,,,,,Pubmed_2026-02-108,,,,,,
P105,Gender-specific association of methylenetetrahydrofolate reductase gene polymorphisms with sporadic amyotrophic lateral sclerosis,2012,10.1089/gtmb.2011.0313,database_search,,,,,,,,Pubmed_2026-02-109,,,,,,
P106,Response of serum and red blood cell folate concentrations to folic acid supplementation depends on methylenetetrahydrofolate reductase C677T genotype: results from a crossover trial,2013,10.1002/mnfr.201200108,database_search,,,,,,,,Pubmed_2026-02-110,,,,,,
P107,"5,10-Methylenetetrahydrofolate reductase single nucleotide polymorphisms and gene-environment interaction analysis in non-syndromic cleft lip/palate",2014,10.1111/eos.12114,database_search,,,,,,,,Pubmed_2026-02-111,,,,,,
P108,The Methylenetetrahydrofolate Reductase C677T Polymorphism and Risk for Late-Onset Alzheimer's disease: Further Evidence in an Italian Multicenter Study,2017,10.3233/JAD-161081,database_search,,,,,,,,Pubmed_2026-02-112,,,,,,
P109,Influence of combined methylenetetrahydrofolate reductase (MTHFR) and thymidylate synthase enhancer region (TSER) polymorphisms to plasma homocysteine levels in Korean patients with recurrent spontaneous abortion,2006,10.1016/j.thromres.2005.05.025,database_search,,,,,,,,Pubmed_2026-02-113,,,,,,
P110,"B-vitamin intake, metabolic genes, and colorectal cancer risk (United States)",2002,10.1023/a:1015057614870,database_search,,,,,,,,Pubmed_2026-02-114,,,,,,
P111,"No association with the 5,10-methylenetetrahydrofolate reductase gene and major depressive disorder: results of the depression case control (DeCC) study and a meta-analysis",2008,10.1002/ajmg.b.30665,database_search,,,,,,,,Pubmed_2026-02-115,,,,,,
P112,MTHFR 677 CT/MTHFR 1298 CC genotypes are associated with increased risk of hypertension in Indians,2007,10.1007/s11010-007-9434-5,database_search,,,,,,,,Pubmed_2026-02-116,,,,,,
P113,"Vitamins B2, B6, and B12 and risk of new colorectal adenomas in a randomized trial of aspirin use and folic acid supplementation",2008,10.1158/1055-9965.EPI-07-2895,database_search,,,,,,,,Pubmed_2026-02-117,,,,,,
P114,The effect of MTHFR(C677T) genotype on plasma homocysteine concentrations in healthy children is influenced by gender,2006,10.1038/sj.ejcn.1602280,database_search,,,,,,,,Pubmed_2026-02-118,,,,,,
P115,Serum total homocysteine levels and the prevalence of folic acid deficiency and C677T mutation at the MTHFR gene in an indigenous population of Amazonia: the relationship of homocysteine with other cardiovascular risk factors,2004,,database_search,,,,,,,,Pubmed_2026-02-119,,,,,,
P116,MTHFR C677T gene mutation as a risk factor for arterial stroke: a hospital based study,2005,10.1111/j.1468-1331.2004.00938.x,database_search,,,,,,,,Pubmed_2026-02-120,,,,,,
P117,"Elevated plasma homocysteine was associated with hemorrhagic and ischemic stroke, but methylenetetrahydrofolate reductase gene C677T polymorphism was a risk factor for thrombotic stroke: a Multicenter Case-Control Study in China",2003,10.1161/01.STR.0000086753.00555.0D,database_search,,,,,,,,Pubmed_2026-02-121,,,,,,
P118,Hearing impairment risk and interaction of folate metabolism related gene polymorphisms in an aging study,2011,10.1186/1471-2350-12-35,database_search,,,,,,,,Pubmed_2026-02-122,,,,,,
P119,A comparison of the effect of advice to eat either '5-a-day' fruit and vegetables or folic acid-fortified foods on plasma folate and homocysteine,2003,10.1038/sj.ejcn.1601545,database_search,,,,,,,,Pubmed_2026-02-123,,,,,,
P120,Methylenetetrahydrofolate reductase polymorphism (MTHFR C677T) and bone mineral density in Chinese men and women,2004,10.1016/j.bone.2004.09.008,database_search,,,,,,,,Pubmed_2026-02-124,,,,,,
P121,"The 5,10-methylenetetrahydrofolate reductase C677T polymorphism interacts with smoking to increase homocysteine",2004,10.1016/j.atherosclerosis.2004.01.023,database_search,,,,,,,,Pubmed_2026-02-125,,,,,,
P122,Fetal Val108/158Met catechol-O-methyltransferase (COMT) polymorphism and placental COMT activity are associated with the development of preeclampsia,2016,10.1016/j.fertnstert.2015.09.019,database_search,,,,,,,,Pubmed_2026-02-126,,,,,,
P123,"Mutations in the gene for methylenetetrahydrofolate reductase, homocysteine levels, and vitamin status in women with a history of preeclampsia",2001,10.1067/mob.2001.109393,database_search,,,,,,,,Pubmed_2026-02-127,,,,,,
P124,The pharmacogenetics of methotrexate in inflammatory bowel disease,2005,10.1097/01.fpc.0000172242.19675.33,database_search,,,,,,,,Pubmed_2026-02-128,,,,,,
P125,Effect of folic acid supplementation on cancer risk among adults with hypertension in China: A randomized clinical trial,2017,10.1002/ijc.30094,database_search,,,,,,,,Pubmed_2026-02-129,,,,,,
P126,MTHFR C677T genotype frequency in patients of Middle Eastern descent as determined by real-time PCR and melting curve analysis,2009,10.1089/gtmb.2009.0008,database_search,,,,,,,,Pubmed_2026-02-130,,,,,,
P127,Circulating homocysteine levels in patients with type 2 diabetes mellitus,2008,10.1016/j.numecd.2006.03.007,database_search,,,,,,,,Pubmed_2026-02-131,,,,,,
P128,Additional food folate derived exclusively from natural sources improves folate status in young women with the MTHFR 677 CC or TT genotype,2006,10.1016/j.jnutbio.2005.11.009,database_search,,,,,,,,Pubmed_2026-02-132,,,,,,
P129,Plasma total homocysteine is associated with abdominal aortic aneurysm and aortic diameter in older men,2013,10.1016/j.jvs.2013.01.046,database_search,,,,,,,,Pubmed_2026-02-133,,,,,,
P130,C677T methylenetetrahydrofolate reductase polymorphism interferes with the effects of folic acid and zinc sulfate on sperm concentration,2003,10.1016/s0015-0282(03)02157-5,database_search,,,,,,,,Pubmed_2026-02-134,,,,,,
P131,Association of Methylenetetrahydrafolate Reductase Gene Polymorphism (MTHFR) in Patients with Gallbladder Cancer,2016,10.1007/s12029-015-9794-0,database_search,,,,,,,,Pubmed_2026-02-135,,,,,,
P132,Evaluation of MTHFR C677T polymorphism in ischemic and hemorrhagic stroke patients. A case-control study in a Northern Indian population,2011,10.1016/j.jns.2011.02.010,database_search,,,,,,,,Pubmed_2026-02-136,,,,,,
P133,Preponderance of methylenetetrahydrofolate reductase C677T homozygosity among leukemia patients intolerant to methotrexate,2002,10.1093/annonc/mdf322,database_search,,,,,,,,Pubmed_2026-02-137,,,,,,
P134,Effect of ACE inhibitors and beta-blockers on homocysteine levels in essential hypertension,2008,10.1038/sj.jhh.1002325,database_search,,,,,,,,Pubmed_2026-02-138,,,,,,
P135,Polymorphisms in thymidylate synthase and methylenetetrahydrofolate reductase genes and the susceptibility to esophageal and stomach cancer with smoking,2004,,database_search,,,,,,,,Pubmed_2026-02-139,,,,,,
P136,Effect of long-term low-dose folic acid supplementation on degree of total homocysteine-lowering: major effect modifiers,2018,10.1017/S0007114518002477,database_search,,,,,,,,Pubmed_2026-02-140,,,,,,
P137,Modulator effects of the methylenetetrahydrofolate reductase C677T polymorphism on response to vitamin B12 therapy and homocysteine metabolism,2012,10.1089/dna.2011.1422,database_search,,,,,,,,Pubmed_2026-02-141,,,,,,
P138,Methylenetetrahydrofolate reductase (MTHFR) polymorphism A1298C (Glu429Ala) predicts decline in renal function over time in the African-American Study of Kidney Disease and Hypertension (AASK) Trial and Veterans Affairs Hypertension Cohort (VAHC),2012,10.1093/ndt/gfr257,database_search,,,,,,,,Pubmed_2026-02-142,,,,,,
P139,Methylenetetrahydrofolate reductase C677T polymorphism and predisposition towards esophageal squamous cell carcinoma in a German Caucasian and a northern Chinese population,2004,10.1007/s00432-004-0585-4,database_search,,,,,,,,Pubmed_2026-02-143,,,,,,
P140,MTHFR 677CC/1298CC genotypes are highly associated with chronic myelogenous leukemia: a case-control study in Korea,2007,10.1016/j.leukres.2006.10.016,database_search,,,,,,,,Pubmed_2026-02-144,,,,,,
P141,"Effects of individualized administration of folic acid on prothrombotic state and vascular endothelial function with H-type hypertension: A double-blinded, randomized clinical cohort study",2022,10.1097/MD.0000000000028628,database_search,,,,,,,,Pubmed_2026-02-145,,,,,,
P142,Polycystic ovary syndrome and the single nucleotide polymorphisms of methylenetetrahydrofolate reductase: a pilot observational study,2007,10.1080/14647270600950157,database_search,,,,,,,,Pubmed_2026-02-146,,,,,,
P143,Polymorphisms of key enzymes in homocysteine metabolism affect diet responsiveness of plasma homocysteine in healthy women,2001,10.1093/jn/131.10.2643,database_search,,,,,,,,Pubmed_2026-02-147,,,,,,
P144,Effects of Italian Mediterranean organic diet vs. low-protein diet in nephropathic patients according to MTHFR genotypes,2014,10.1007/s40620-014-0067-y,database_search,,,,,,,,Pubmed_2026-02-148,,,,,,
P145,Methylenetetrahydrofolate reductase 677C-->T variant modulates folate status response to controlled folate intakes in young women,2003,10.1093/jn/133.5.1272,database_search,,,,,,,,Pubmed_2026-02-149,,,,,,
P146,The methylenetetrahydrofolate reductase C677T polymorphism influences risk of esophageal cancer in Chinese,2013,10.7314/apjcp.2013.14.5.3163,database_search,,,,,,,,Pubmed_2026-02-150,,,,,,
P147,Methylenetetrahydrofolate reductase C677T polymorphism and liver fibrosis progression in patients with recurrent hepatitis C,2008,10.1111/j.1478-3231.2007.01591.x,database_search,,,,,,,,Pubmed_2026-02-151,,,,,,
P148,Allele and genotype frequencies of the polymorphic methylenetetrahydrofolate reductase and colorectal cancer among Jordanian population,2013,10.7314/apjcp.2013.14.8.4559,database_search,,,,,,,,Pubmed_2026-02-152,,,,,,
P149,"Contribution of the MTHFR gene to the causal pathway for depression, anxiety and cognitive impairment in later life",2005,10.1016/j.neurobiolaging.2004.03.007,database_search,,,,,,,,Pubmed_2026-02-153,,,,,,
P150,"Prevalence of hyperhomocysteinemia in adult gluten-sensitive enteropathy at diagnosis: role of B12, folate, and genetics",2005,10.1016/s1542-3565(05)00022-4,database_search,,,,,,,,Pubmed_2026-02-154,,,,,,
P151,Methylenetetrahydrofolate reductase C677T polymorphism in patients with Henoch-Sch√∂nlein purpura,2011,10.1111/j.1442-200X.2010.03247.x,database_search,,,,,,,,Pubmed_2026-02-155,,,,,,
P152,Folate-related genes and the risk of tobacco-related cancers in Central Europe,2007,10.1093/carcin/bgm067,database_search,,,,,,,,Pubmed_2026-02-156,,,,,,
P153,Effect of folic acid intervention on the change of serum folate level in hypertensive Chinese adults: do methylenetetrahydrofolate reductase and methionine synthase gene polymorphisms affect therapeutic responses?,2012,10.1097/FPC.0b013e32834ac5e8,database_search,,,,,,,,Pubmed_2026-02-157,,,,,,
P154,Nutritional advice to increase soluble fibre intake does not change plasma folate or homocysteine in men with angina: a randomised controlled trial,2002,10.1079/PHN2001250,database_search,,,,,,,,Pubmed_2026-02-158,,,,,,
P155,Choline intake exceeding current dietary recommendations preserves markers of cellular methylation in a genetic subgroup of folate-compromised men,2010,10.3945/jn.110.121186,database_search,,,,,,,,Pubmed_2026-02-159,,,,,,
P156,Association between polymorphisms of folate-metabolizing enzymes and risk of prostate cancer,2008,10.1016/j.ejso.2007.09.008,database_search,,,,,,,,Pubmed_2026-02-160,,,,,,
P157,Migraine and MTHFR C677T genotype in a population-based sample,2006,10.1002/ana.20755,database_search,,,,,,,,Pubmed_2026-02-161,,,,,,
P158,Methyltetrahydrofolate vs Folic Acid Supplementation in Idiopathic Recurrent Miscarriage with Respect to Methylenetetrahydrofolate Reductase C677T and A1298C Polymorphisms: A Randomized Controlled Trial,2015,10.1371/journal.pone.0143569,database_search,,,,,,,,Pubmed_2026-02-162,,,,,,
P159,Homocysteine levels and disease duration independently correlate with coronary artery calcification in patients with systemic lupus erythematosus,2006,10.1002/art.21967,database_search,,,,,,,,Pubmed_2026-02-163,,,,,,
P160,"Influence of nitrous oxide anesthesia, B-vitamins, and MTHFR gene polymorphisms on perioperative cardiac events: the vitamins in nitrous oxide (VINO) randomized trial",2013,10.1097/ALN.0b013e31829761e3,database_search,,,,,,,,Pubmed_2026-02-164,,,,,,
P161,Maternal gene-micronutrient interactions related to one-carbon metabolism and the risk of myelomeningocele among offspring,2017,10.1002/bdra.23538,database_search,,,,,,,,Pubmed_2026-02-165,,,,,,
P162,Folate levels determine effect of antioxidant supplementation on micronuclei in subjects with cardiovascular risk,2004,10.1093/mutage/geh059,database_search,,,,,,,,Pubmed_2026-02-166,,,,,,
P163,"MTHFR C677T mutation, factor II G20210A mutation and factor V Leiden as risks factor for youth retinal vein occlusion",2003,,database_search,,,,,,,,Pubmed_2026-02-167,,,,,,
P164,Methylenetetrahydrofolate reductase gene polymorphism in Indian stroke patients,2006,10.4103/0028-3886.27148,database_search,,,,,,,,Pubmed_2026-02-168,,,,,,
P165,"Association of plasma homocysteine level with vaso-occlusive crisis in sickle cell anemia patients of Odisha, India",2019,10.1007/s00277-019-03776-x,database_search,,,,,,,,Pubmed_2026-02-169,,,,,,
P166,Methylenetetrahydrofolate reductase polymorphism and minor increase of risk for oral cancer,2006,10.1007/s00432-005-0065-5,database_search,,,,,,,,Pubmed_2026-02-170,,,,,,
P167,Polymorphisms of methylenetetrahydrofolate reductase are associated with a high risk of nasopharyngeal carcinoma in a smoking population from Southern China,2010,10.1002/mc.20669,database_search,,,,,,,,Pubmed_2026-02-171,,,,,,
P168,Effect of enalapril on plasma homocysteine levels in patients with essential hypertension,2010,10.1631/jzus.B1001003,database_search,,,,,,,,Pubmed_2026-02-172,,,,,,
P169,"C677T polymorphism of the MTHFR gene and variant hemoglobins: a study in newborns from Salvador, Bahia, Brazil",2004,10.1590/s0102-311x2004000200021,database_search,,,,,,,,Pubmed_2026-02-173,,,,,,
P170,Homocysteine and Incident Atrial Fibrillation: The Atherosclerosis Risk in Communities Study and the Multi-Ethnic Study of Atherosclerosis,2019,10.1016/j.hlc.2018.03.007,database_search,,,,,,,,Pubmed_2026-02-174,,,,,,
P171,Evaluation of the relationship between C677T variants of methylenetetrahydrofolate reductase gene and hyperhomocysteinemia in children receiving antiepileptic drug therapy,2008,10.1016/j.pnpbp.2007.12.018,database_search,,,,,,,,Pubmed_2026-02-175,,,,,,
P172,Allele and Genotype Frequencies of the Polymorphic Methylenetetrahydrofolate Reductase and Lung Cancer in ther Jordanian Population: a Case Control Study,2015,10.7314/apjcp.2015.16.8.3101,database_search,,,,,,,,Pubmed_2026-02-176,,,,,,
P173,Hyperhomocysteinemia in hemodialysis patients: effects of 12-month supplementation with hydrosoluble vitamins,2000,10.1046/j.1523-1755.2000.00234.x,database_search,,,,,,,,Pubmed_2026-02-177,,,,,,
P174,Homocysteinemia as well as methylenetetrahydrofolate reductase polymorphism are associated with affective psychoses,2005,10.1016/j.pnpbp.2005.06.027,database_search,,,,,,,,Pubmed_2026-02-178,,,,,,
P175,Randomized phase II and pharmacogenetic study of pemetrexed compared with pemetrexed plus carboplatin in pretreated patients with advanced non-small-cell lung cancer,2009,10.1200/JCO.2008.19.1650,database_search,,,,,,,,Pubmed_2026-02-179,,,,,,
P176,"Breast cancer risk, dietary intake, and methylenetetrahydrofolate reductase (MTHFR)single nucleotide polymorphisms",2010,10.1016/j.fct.2010.04.028,database_search,,,,,,,,Pubmed_2026-02-180,,,,,,
P177,Comparison of the frequency of the methylenetetrahydrofolate reductase (MTHFR) C677T polymorphism in depressed versus nondepressed patients,2011,10.1097/01.pra.0000407963.26981.a6,database_search,,,,,,,,Pubmed_2026-02-181,,,,,,
P178,"Associations between two common variants C677T and A1298C in the methylenetetrahydrofolate reductase gene and measures of folate metabolism and DNA stability (strand breaks, misincorporated uracil, and DNA methylation status) in human lymphocytes in vivo",2004,,database_search,,,,,,,,Pubmed_2026-02-182,,,,,,
P179,High plasma homocysteine levels contribute to the risk of stroke recurrence and all-cause mortality in a large prospective stroke population,2009,10.1042/CS20090142,database_search,,,,,,,,Pubmed_2026-02-183,,,,,,
P180,Further evidence that hyperhomocysteinemia and methylenetetrahydrofolate reductase C677T and A1289C polymorphisms are not risk factors for schizophrenia,2005,10.1016/j.pnpbp.2005.07.001,database_search,,,,,,,,Pubmed_2026-02-184,,,,,,
P181,"Coronary reactivity, homocysteine and methylenetetrahydrofolate reductase gene variation in young men during pravastatin therapy",2007,10.1016/j.vph.2007.05.001,database_search,,,,,,,,Pubmed_2026-02-185,,,,,,
P182,Effect of C677T methylenetetrahydrofolate reductase gene polymorphism on plasma homocysteine levels in ethnic groups,2004,,database_search,,,,,,,,Pubmed_2026-02-186,,,,,,
P183,Pharmacogenetic study of patients with advanced non-small cell lung cancer (NSCLC) treated with second-line pemetrexed or pemetrexed-carboplatin,2012,10.1016/j.lungcan.2012.07.009,database_search,,,,,,,,Pubmed_2026-02-187,,,,,,
P184,MTHFR T677 homozygosis influences the presence of aura in migraineurs,2004,10.1111/j.1468-2982.2004.00692.x,database_search,,,,,,,,Pubmed_2026-02-188,,,,,,
P185,"Hypertrophy of IMC of carotid artery in Parkinson's disease is associated with L-DOPA, homocysteine, and MTHFR genotype",2003,10.1016/s0022-510x(02)00353-2,database_search,,,,,,,,Pubmed_2026-02-189,,,,,,
P186,G80A Single Nucleotide Polymorphism in Reduced Folate Carrier-1 Gene in a Mexican Population and its Impact on Survival in Patients with Acute Lymphoblastic Leukemia,2016,,database_search,,,,,,,,Pubmed_2026-02-190,,,,,,
P187,No effect of folic acid supplementation on global DNA methylation in men and women with moderately elevated homocysteine,2011,10.1371/journal.pone.0024976,database_search,,,,,,,,Pubmed_2026-02-191,,,,,,
P188,The methylentetrahydrofolate reductase C677T point mutation is a risk factor for vascular access thrombosis in hemodialysis patients,2003,10.1053/ajkd.2003.50125,database_search,,,,,,,,Pubmed_2026-02-192,,,,,,
P189,Genetic polymorphism of methylenetetrahydrofolate reductase as a risk factor for diabetic nephropathy in Chinese type 2 diabetic patients,2004,10.1016/j.diabres.2003.10.022,database_search,,,,,,,,Pubmed_2026-02-193,,,,,,
P190,"Methylenetetrahydrofolate reductase gene polymorphism, homocysteine and risk of macroangiopathy in Type 2 diabetes mellitus",2006,10.1007/BF03347376,database_search,,,,,,,,Pubmed_2026-02-194,,,,,,
P191,Genetic investigation of methylenetetrahydrofolate reductase (MTHFR) and catechol-O-methyl transferase (COMT) in multiple sclerosis,2006,10.1016/j.brainresbull.2006.01.005,database_search,,,,,,,,Pubmed_2026-02-195,,,,,,
P192,Hyperhomocysteinemia and venous thromboembolism: a risk factor more prevalent in the elderly and in idiopathic cases,2002,10.1016/s0049-3848(02)00096-8,database_search,,,,,,,,Pubmed_2026-02-196,,,,,,
P193,The C677T mutation in the methylenetetrahydrofolate reductase gene: a genetic risk factor for methotrexate-related elevation of liver enzymes in rheumatoid arthritis patients,2001,10.1002/1529-0131(200111)44:11<2525::aid-art432>3.0.co;2-b,database_search,,,,,,,,Pubmed_2026-02-197,,,,,,
P194,"Association of plasma folate, plasma total homocysteine, but not methylenetetrahydrofolate reductase C667T polymorphism, with bone mineral density in postmenopausal Iranian women: a cross-sectional study",2004,10.1016/j.bone.2004.04.018,database_search,,,,,,,,Pubmed_2026-02-198,,,,,,
P195,Effect of the methylenetetrahydrofolate reductase C677T polymorphism on patients with cisplatin/gemcitabine-treated stage IV non-small-cell lung cancer,2004,10.3816/clc.2004.n.014,database_search,,,,,,,,Pubmed_2026-02-199,,,,,,
P196,Phase I clinical and pharmacogenetic trial of irinotecan and raltitrexed administered every 21 days to patients with cancer,2001,10.1200/JCO.2001.19.20.4081,database_search,,,,,,,,Pubmed_2026-02-200,,,,,,
P197,A C677T mutation in the methylenetetrahydrofolate reductase gene modifies serum cysteine in dialysis patients,2000,10.1053/ajkd.2000.19085,database_search,,,,,,,,Pubmed_2026-02-201,,,,,,
P198,"Characteristics and Long-Term Prognosis of Patients ‚â§35 Years of Age with ST Segment Elevation Myocardial Infarction and ""Normal or Near Normal"" Coronary Arteries",2017,10.1016/j.amjcard.2017.06.002,database_search,,,,,,,,Pubmed_2026-02-202,,,,,,
P199,The methylenetetrahydrofolate reductase C677T polymorphism is a major determinant of coffee-induced increase of plasma homocysteine: a randomized placebo controlled study,2004,,database_search,,,,,,,,Pubmed_2026-02-203,,,,,,
P200,"Genetic variations observed in arterial and venous thromboembolism--relevance for therapy, risk prevention and prognosis",2003,10.1515/CCLM.2003.075,database_search,,,,,,,,Pubmed_2026-02-204,,,,,,
P201,Effect of long-term hormone replacement therapy on plasma homocysteine in postmenopausal women: a randomized controlled study,2002,10.1067/mob.2002.123030,database_search,,,,,,,,Pubmed_2026-02-205,,,,,,
P202,Increasing the number of SNP loci does not necessarily improve prediction power at least in the comparison of MTHFR SNP and haplotypes,2008,10.2188/jea.je2008022,database_search,,,,,,,,Pubmed_2026-02-206,,,,,,
P203,Investigation of folate pathway gene polymorphisms and the incidence of neural tube defects in a Texas hispanic population,2000,10.1006/mgme.2000.2991,database_search,,,,,,,,Pubmed_2026-02-207,,,,,,
P204,Methylenetetrahydrofolate reductase genotypes do not play a role in acute lymphoblastic leukemia pathogenesis in the Italian population,2004,,database_search,,,,,,,,Pubmed_2026-02-208,,,,,,
P205,A retrospective comparative exploratory study on two methylentetrahydrofolate reductase (MTHFR) polymorphisms in esophagogastric cancer: the A1298C MTHFR polymorphism is an independent prognostic factor only in neoadjuvantly treated gastric cancer patients,2014,10.1186/1471-2407-14-58,database_search,,,,,,,,Pubmed_2026-02-209,,,,,,
P206,Cerebrovascular events in patients with significant stenosis of the carotid artery are associated with hyperhomocysteinemia and platelet antigen-1 (Leu33Pro) polymorphism,2001,10.1161/hs1201.099650,database_search,,,,,,,,Pubmed_2026-02-210,,,,,,
P207,Genetic polymorphisms in the Hmong population: implications for cancer etiology and survival,2004,10.1002/cncr.11913,database_search,,,,,,,,Pubmed_2026-02-211,,,,,,
P208,"MTHFR C677T polymorphism, folic acid and hyperhomocysteinemia in levodopa treated patients with Parkinson's disease",2004,10.1007/978-3-7091-0579-5_2,database_search,,,,,,,,Pubmed_2026-02-212,,,,,,
P209,"Methylenetetrahydrofolate reductase gene polymorphism, hyperhomocysteinemia and occlusive retinal vascular disease in type 2 diabetic and non-diabetic subjects",2002,10.5414/cnp58171,database_search,,,,,,,,Pubmed_2026-02-213,,,,,,
P210,Methylenetetrahydrofolate reductase C677T genotype affects promoter methylation of tumor-specific genes in sporadic colorectal cancer through an interaction with folate/vitamin B12 status,2008,10.3748/wjg.14.3662,database_search,,,,,,,,Pubmed_2026-02-214,,,,,,
P211,Polymorphisms involved in the folate metabolizing pathway and risk of multiple myeloma,2007,10.1002/ajh.20967,database_search,,,,,,,,Pubmed_2026-02-215,,,,,,
P212,Evidence for an association of methylene tetrahydrofolate reductase polymorphism C677T and an increased risk of fractures: results from a population-based Danish twin study,2004,10.1007/s00198-003-1584-z,database_search,,,,,,,,Pubmed_2026-02-216,,,,,,
P213,Effects of serum B vitamins on elevated plasma homocysteine levels associated with the mutation of methylenetetrahydrofolate reductase gene in Japanese,2002,10.1016/s0021-9150(02)00105-3,database_search,,,,,,,,Pubmed_2026-02-217,,,,,,
P214,"Family history, plasma homocysteine, and age at onset of symptoms of myocardial ischemia in patients with different methylenetetrahydrofolate reductase genotypes",2005,10.1016/j.amjcard.2005.01.097,database_search,,,,,,,,Pubmed_2026-02-218,,,,,,
P215,Genetic evidence that nitric oxide modulates homocysteine: the NOS3 894TT genotype is a risk factor for hyperhomocystenemia,2003,10.1161/01.ATV.0000071348.70527.F4,database_search,,,,,,,,Pubmed_2026-02-219,,,,,,
P216,Determinants of changes in plasma homocysteine in hyperthyroidism and hypothyroidism,2001,10.1046/j.1365-2265.2001.01170.x,database_search,,,,,,,,Pubmed_2026-02-220,,,,,,
P217,Protective effect against alcohol dependence of the thermolabile variant of MTHFR,2008,10.1016/j.drugalcdep.2008.01.016,database_search,,,,,,,,Pubmed_2026-02-221,,,,,,
P218,Association of pre-eclampsia with hyperhomocysteinaemia and methylenetetrahydrofolate reductase gene C677T polymorphism in a Turkish population,2004,10.1111/j.1479-828X.2004.00283.x,database_search,,,,,,,,Pubmed_2026-02-222,,,,,,
P219,Riboflavin as a determinant of plasma total homocysteine: effect modification by the methylenetetrahydrofolate reductase C677T polymorphism,2000,,database_search,,,,,,,,Pubmed_2026-02-223,,,,,,
P220,Influence of methylenetetrahydrofolate reductase polymorphisms on efficacy and toxicity of methotrexate in patients with juvenile idiopathic arthritis,2005,,database_search,,,,,,,,Pubmed_2026-02-224,,,,,,
P221,"Influence of 5,10-methylenetetrahydrofolate reductase polymorphism on whole-blood folate concentrations measured by LC-MS/MS, microbiologic assay, and bio-rad radioassay",2008,10.1373/clinchem.2007.096545,database_search,,,,,,,,Pubmed_2026-02-225,,,,,,
P222,Methylenetetrahydrofolate reductase polymorphism associated with susceptibility to coronary heart disease in Chinese type 2 diabetic patients,2005,10.1016/j.mce.2004.09.003,database_search,,,,,,,,Pubmed_2026-02-226,,,,,,
P223,Dietary vitamin B6 intake and the risk of colorectal cancer,2008,10.1158/1055-9965.EPI-07-0621,database_search,,,,,,,,Pubmed_2026-02-227,,,,,,
P224,Post-methionine-load hyperhomocysteinemia and increased lipoprotein(a) are associated with renal metabolic dysfunction: a hypothesis,2002,10.1053/meta.2002.35179,database_search,,,,,,,,Pubmed_2026-02-228,,,,,,
P225,"Hyperhomocysteinaemia, methylenetetrahydrofolate reductase polymorphism and risk of coronary artery disease",2006,10.1258/000456306776865232,database_search,,,,,,,,Pubmed_2026-02-229,,,,,,
P226,"Assessment of tailor-made prevention of atherosclerosis with folic acid supplementation: randomized, double-blind, placebo-controlled trials in each MTHFR C677T genotype",2005,10.1007/s10038-005-0247-7,database_search,,,,,,,,Pubmed_2026-02-230,,,,,,
P227,Common gene polymorphisms in the metabolic folate and methylation pathway and the risk of acute lymphoblastic leukemia and non-Hodgkin's lymphoma in adults,2004,,database_search,,,,,,,,Pubmed_2026-02-231,,,,,,
P228,Choline status is not a reliable indicator of moderate changes in dietary choline consumption in premenopausal women,2009,10.1016/j.jnutbio.2007.12.002,database_search,,,,,,,,Pubmed_2026-02-232,,,,,,
P229,The C677T polymorphism of the methylenetetrahydrofolate reductase gene and idiopathic recurrent miscarriage,2002,10.1016/s0029-7844(01)01789-6,database_search,,,,,,,,Pubmed_2026-02-233,,,,,,
P230,Reduced breast cancer risk with increasing serum folate in a case-control study of the C677T genotype of the methylenetetrahydrofolate reductase gene,2004,10.1016/j.ejca.2004.01.026,database_search,,,,,,,,Pubmed_2026-02-234,,,,,,
P231,Menopause modulates homocysteine levels in diabetic and non-diabetic women,2008,10.1007/BF03346406,database_search,,,,,,,,Pubmed_2026-02-235,,,,,,
P232,Thrombophilic factors are not the leading cause of thrombosis in Beh√ßet's disease,2004,10.1136/ard.2003.014241,database_search,,,,,,,,Pubmed_2026-02-236,,,,,,
P233,The relationships between plasma total homocysteine and selected atherosclerotic risk factors according to the C677T methylenetetrahydrofolate reductase gene in Japanese,2005,10.1097/01.hjr.0000161441.03927.31,database_search,,,,,,,,Pubmed_2026-02-237,,,,,,
P234,Association of the methylenetetrahydrofolate reductase A1298C but not the C677T single nucleotide polymorphism with sickle cell disease in Bahrain,2006,10.1080/03630260600867958,database_search,,,,,,,,Pubmed_2026-02-238,,,,,,
P235,Superficial thrombophlebitis in varicose vein disease: the particular role of methylenetetrahydrofolate reductase,2011,10.1258/phleb.2009.009075,database_search,,,,,,,,Pubmed_2026-02-239,,,,,,
P236,Association between percent decline in serum total homocysteine and risk of first stroke,2017,10.1212/WNL.0000000000004648,database_search,,,,,,,,Pubmed_2026-02-240,,,,,,
P237,Short-term folate supplementation in physiological doses has no effect on ESR1 and MLH1 methylation in colonic mucosa of individuals with adenoma,2012,10.1159/000345819,database_search,,,,,,,,Pubmed_2026-02-241,,,,,,
P238,C677T methylene-tetrahydrofolate reductase mutation in type 2 diabetic patients with and without hyperhomocysteinaemia,2004,10.1016/s1262-3636(07)70127-1,database_search,,,,,,,,Pubmed_2026-02-242,,,,,,
P239,"Polygenic influence on plasma homocysteine: association of two prevalent mutations, the 844ins68 of cystathionine beta-synthase and A(2756)G of methionine synthase, with lowered plasma homocysteine levels",2000,10.1016/s0021-9150(99)00297-x,database_search,,,,,,,,Pubmed_2026-02-243,,,,,,
P240,Folic acid and vitamin B-12 supplementation does not favorably influence uracil incorporation and promoter methylation in rectal mucosa DNA of subjects with previous colorectal adenomas,2007,10.1093/jn/137.9.2114,database_search,,,,,,,,Pubmed_2026-02-244,,,,,,
P241,Sex-specific effect of the thermolabile C677T mutation in the methylenetetrahydrofolate reductase gene on angiographically assessed coronary artery disease in Brazilians,2007,10.1353/hub.2007.0053,database_search,,,,,,,,Pubmed_2026-02-245,,,,,,
P242,Hyperhomocysteinemia in patients with epilepsy: does it play a role in the pathogenesis of brain atrophy? A preliminary report,2009,10.1111/j.1528-1167.2008.01967.x,database_search,,,,,,,,Pubmed_2026-02-246,,,,,,
P243,Study Exploring the Effects of Daily Supplementation with 400 Œºg of Folic Acid on the Nutritional Status of Folate in Women of Reproductive Age,2017,10.1002/bdr2.1004,database_search,,,,,,,,Pubmed_2026-02-247,,,,,,
P244,Methylenetetrahydrofolate reductase polymorphisms and homocysteine-lowering effect of vitamin therapy in Singaporean stroke patients,2006,10.1161/01.STR.0000199845.27512.84,database_search,,,,,,,,Pubmed_2026-02-248,,,,,,
P245,Endothelial function markers in parkinsonian patients with hyperhomocysteinemia,2005,10.1016/j.jocn.2004.09.012,database_search,,,,,,,,Pubmed_2026-02-249,,,,,,
P246,The C677T mutation in the methylenetetrahydrofolate reductase gene among the Indonesian Javanese population,2002,,database_search,,,,,,,,Pubmed_2026-02-250,,,,,,
P247,Susceptibility to gastric cardia adenocarcinoma and genetic polymorphisms in methylenetetrahydrofolate reductase in an at-risk Chinese population,2002,,database_search,,,,,,,,Pubmed_2026-02-251,,,,,,
P248,Risk factors for atherosclerosis in survivors of myocardial infarction and their spouses: comparison to controls without personal and family history of atherosclerosis,2001,10.1053/meta.2001.19499,database_search,,,,,,,,Pubmed_2026-02-252,,,,,,
P249,Vitamin supplementation reduces the progression of atherosclerosis in hyperhomocysteinemic renal-transplant recipients,2003,10.1097/01.TP.0000058810.59825.58,database_search,,,,,,,,Pubmed_2026-02-253,,,,,,
P250,Hyperhomocysteinemia in acute Plasmodium falciparum malaria: an effect of host-parasite interaction,2004,10.1016/j.cccn.2004.05.007,database_search,,,,,,,,Pubmed_2026-02-254,,,,,,
P251,Comparative pharmacogenetic analysis of risk polymorphisms in Caucasian and Vietnamese children with acute lymphoblastic leukemia: prediction of therapeutic outcome?,2015,10.1111/bcp.12481,database_search,,,,,,,,Pubmed_2026-02-255,,,,,,
P252,Detection of thrombophilic mutations related to spontaneous abortions by a multiplex SNaPshot method,2012,10.1089/gtmb.2011.0173,database_search,,,,,,,,Pubmed_2026-02-256,,,,,,
P253,Estimated Stroke-Free Survival of Folic Acid Therapy for Hypertensive Adults: Projection Based on the CSPPT,2020,10.1161/HYPERTENSIONAHA.119.14102,database_search,,,,,,,,Pubmed_2026-02-257,,,,,,
P254,The thymidylate synthase tandem repeat polymorphism is not associated with homocysteine concentrations in healthy young subjects,2004,10.1007/s00439-003-1039-9,database_search,,,,,,,,Pubmed_2026-02-258,,,,,,
P255,Reduced folate carrier 1 (RFC1) is associated with cleft of the lip only,2008,10.1590/s0100-879x2008000800009,database_search,,,,,,,,Pubmed_2026-02-259,,,,,,
P256,"Polycystic ovary syndrome, the G1691A factor V Leiden mutation, and plasminogen activator inhibitor activity: associations with recurrent pregnancy loss",2003,10.1016/j.metabol.2003.06.001,database_search,,,,,,,,Pubmed_2026-02-260,,,,,,
P257,Combination of thrombophilia markers in acute myocardial infarction of the young,2004,,database_search,,,,,,,,Pubmed_2026-02-261,,,,,,
P258,"Hyperhomocysteinaemia in a young woman presenting with stroke, associated with methylene tetrahydrofolate reductase C677T homozygosity",2004,10.1258/000456304323019640,database_search,,,,,,,,Pubmed_2026-02-262,,,,,,
P259,"Inherited Thrombophilia in Early-Onset Carotid Stenosis: A Comparative Study of Dissection, Atherosclerosis, Fibromuscular Dysplasia, and Other Etiologies",2025,10.1177/10760296251401577,database_search,,,,,"""start of sam/sah results"" ",,,Pubmed_2026-02-263,,,,,,
P260,MTHFR C677T polymorphism increases MTX sensitivity via the inhibition of S-adenosylmethionine and de novo purine synthesis,2019,10.1042/CS20180932,database_search,,,,,,,,Pubmed_2026-02-264,,,,,,
P261,Combined effect of polymorphisms of MTHFR and MTR and arsenic methylation capacity on developmental delay in preschool children in Taiwan,2020,10.1007/s00204-020-02745-y,database_search,,,,,,,,Pubmed_2026-02-265,,,,,,
P262,Impact of the MTHFR C677T polymorphism on one-carbon metabolites: Evidence from a randomised trial of riboflavin supplementation,2020,10.1016/j.biochi.2020.04.004,database_search,,,,,,,,Pubmed_2026-02-266,,,,,,
P263,Choline intake exceeding current dietary recommendations preserves markers of cellular methylation in a genetic subgroup of folate-compromised men,2010,10.3945/jn.110.121186,database_search,,,,,,,,Pubmed_2026-02-267,,,,,,
P264,Association between polymorphisms of folate-metabolizing enzymes and risk of prostate cancer,2008,10.1016/j.ejso.2007.09.008,database_search,,,,,,,,Pubmed_2026-02-268,,,,,,
P265,Effect of the methylenetetrahydrofolate reductase C677T polymorphism on patients with cisplatin/gemcitabine-treated stage IV non-small-cell lung cancer,2004,10.3816/clc.2004.n.014,database_search,,,,,,,,Pubmed_2026-02-269,,,,,,
P266,"Betaine supplementation improves CrossFit performance and increases testosterone levels, but has no influence on Wingate power: randomized crossover trial",2023,10.1080/15502783.2023.2231411,database_search,,,,,"""start of DMG/betaine/choline results""",,,Pubmed_2026-02-270,,,,,,
P267,MTHFR C677T genotype influences the isotopic enrichment of one-carbon metabolites in folate-compromised men consuming d9-choline,2011,10.3945/ajcn.110.005975,database_search,,,,,,,,Pubmed_2026-02-271,,,,,,
P268,One-carbon metabolites and telomere length in a prospective and randomized study of B- and/or D-vitamin supplementation,2017,10.1007/s00394-016-1231-z,database_search,,,,,,,,Pubmed_2026-02-272,,,,,,
P269,"Betaine supplementation modulates betaine concentration by methylenetetrahydrofolate reductase genotype, but has no effect on amino acid profile in healthy active males: A randomized placebo-controlled cross-over study",2024,10.1016/j.nutres.2024.05.003,database_search,,,,,,,,Pubmed_2026-02-273,,,,,,
P270,Impact of the MTHFR C677T polymorphism on one-carbon metabolites: Evidence from a randomised trial of riboflavin supplementation,2020,10.1016/j.biochi.2020.04.004,database_search,,,,,,,,Pubmed_2026-02-274,,,,,,
P271,Choline status is not a reliable indicator of moderate changes in dietary choline consumption in premenopausal women,2009,10.1016/j.jnutbio.2007.12.002,database_search,,,,,,,,Pubmed_2026-02-275,,,,,,
P272,"Contribution of the MTHFR gene to the causal pathway for depression, anxiety and cognitive impairment in later life",2005,10.1016/j.neurobiolaging.2004.03.007,database_search,,,,,,,,Pubmed_2026-02-276,,,,,,
P273,Choline intake exceeding current dietary recommendations preserves markers of cellular methylation in a genetic subgroup of folate-compromised men,2010,10.3945/jn.110.121186,database_search,,,,,"""start of methionine results"" ",,,Pubmed_2026-02-277,,,,,,
P274,Safety and Efficacy of High-Dose Folinic Acid in Children with Autism: The Impact of Folate Metabolism Gene Polymorphisms,2025,10.3390/nu17091602,database_search,,,,,,,,,,,,,,
P275,Methylenetetrahydrofolate reductase C677T and methionine synthase A2756G gene polymorphisms and associated risk of cardiovascular diseases: A study from Jammu region,2016,10.1016/j.ihj.2016.02.009,database_search,,,,,,,,,,,,,,
P276,"Homocysteine Metabolism Gene Polymorphisms (MTHFR C677T, MTHFR A1298C, MTR A2756G and MTRR A66G) Jointly Elevate the Risk of Folate Deficiency",2015,10.3390/nu7085303,database_search,,,,,,,,,,,,,,
P277,MTHFR C677T and MTR A2756G polymorphisms and the homocysteine lowering efficacy of different doses of folic acid in hypertensive Chinese adults,2012,10.1186/1475-2891-11-2,database_search,,,,,,,,,,,,,,
P278,Combined effect of polymorphisms of MTHFR and MTR and arsenic methylation capacity on developmental delay in preschool children in Taiwan,2020,10.1007/s00204-020-02745-y,database_search,,,,,,,,,,,,,,
P279,"5,10-Methylenetetrahydrofolate reductase (MTHFR), methionine synthase (MTRR), and methionine synthase reductase (MTR) gene polymorphisms and adult meningioma risk",2013,10.1007/s11060-013-1218-z,database_search,,,,,,,,,,,,,,
P280,Genotypes of the MTHFR C677T and MTRR A66G genes act independently to reduce migraine disability in response to vitamin supplementation,2012,10.1097/FPC.0b013e3283576b6b,database_search,,,,,,,,,,,,,,
P281,Synergistic effect of methyltetrahydrofolate reductase (MTHFR) C677T and A1298C polymorphism as risk modifiers of pediatric acute lymphoblastic leukemia,2007,,database_search,,,,,,,,,,,,,,
P282,Impact of MTHFR C677T gene polymorphism and vitamins intake on homocysteine concentration in the Polish adult population,2011,,database_search,,,,,,,,,,,,,,
P283,"MTHFR C677T polymorphism, folic acid and hyperhomocysteinemia in levodopa treated patients with Parkinson's disease",2004,10.1007/978-3-7091-0579-5_2,database_search,,,,,,,,,,,,,,
P284,"Association of MTRRA66G polymorphism (but not of MTHFR C677T and A1298C, MTRA2756G, TCN C776G) with homocysteine and coronary artery disease in the French population",2005,10.1160/TH05-04-0262,database_search,,,,,,,,,,,,,,
P285,Evaluation of the MTHFR C677T Polymorphism as a Risk Factor for Colorectal Cancer in Asian Populations,2015,10.7314/apjcp.2015.16.18.8093,database_search,,,,,,,,,,,,,,
P286,Impact of the MTHFR C677T polymorphism on one-carbon metabolites: Evidence from a randomised trial of riboflavin supplementation,2020,10.1016/j.biochi.2020.04.004,database_search,,,,,,,,,,,,,,
P287,"Haplotype analysis of the folate-related genes MTHFR, MTRR, and MTR and migraine with aura",2013,10.1177/0333102413477738,database_search,,,,,,,,,,,,,,
P288,Post-methionine-load hyperhomocysteinemia and increased lipoprotein(a) are associated with renal metabolic dysfunction: a hypothesis,2002,10.1053/meta.2002.35179,database_search,,,,,,,,,,,,,,
P289,"Contribution of the MTHFR gene to the causal pathway for depression, anxiety and cognitive impairment in later life",2005,10.1016/j.neurobiolaging.2004.03.007,database_search,,,,,,,,,,,,,,
P290,Evaluation of the relationship between C677T variants of methylenetetrahydrofolate reductase gene and hyperhomocysteinemia in children receiving antiepileptic drug therapy,2008,10.1016/j.pnpbp.2007.12.018,database_search,,,,,,,,,,,,,,
P291,Effect of folic acid intervention on the change of serum folate level in hypertensive Chinese adults: do methylenetetrahydrofolate reductase and methionine synthase gene polymorphisms affect therapeutic responses?,2012,10.1097/FPC.0b013e32834ac5e8,database_search,,,,,,,,,,,,,,
P292,Metabolic and genetic risk factors for migraine in children,2006,10.1111/j.1468-2982.2006.01107.x,database_search,,,,,,,,,,,,,,
P293,Fetal Val108/158Met catechol-O-methyltransferase (COMT) polymorphism and placental COMT activity are associated with the development of preeclampsia,2016,10.1016/j.fertnstert.2015.09.019,database_search,,,,,,,,,,,,,,
P294,Polymorphisms in thymidylate synthase and methylenetetrahydrofolate reductase genes and the susceptibility to esophageal and stomach cancer with smoking,2004,,database_search,,,,,,,,,,,,,,
P295,Gene-nutrient and gene-gene interactions of controlled folate intake by Japanese women,2004,10.1016/j.bbrc.2004.02.174,database_search,,,,,,,,,,,,,,
P296,Polymorphisms involved in the folate metabolizing pathway and risk of multiple myeloma,2007,10.1002/ajh.20967,database_search,,,,,,,,,,,,,,
P297,Common gene polymorphisms in the metabolic folate and methylation pathway and the risk of acute lymphoblastic leukemia and non-Hodgkin's lymphoma in adults,2004,,database_search,,,,,,,,,,,,,,
P298,Study Exploring the Effects of Daily Supplementation with 400 μg of Folic Acid on the Nutritional Status of Folate in Women of Reproductive Age,2017,10.1002/bdr2.1004,database_search,,,,,,,,,,,,,,
P299,Association between polymorphisms of folate-metabolizing enzymes and risk of prostate cancer,2008,10.1016/j.ejso.2007.09.008,database_search,,,,,,,,,,,,,,
P300,"Mutations in the gene for methylenetetrahydrofolate reductase, homocysteine levels, and vitamin status in women with a history of preeclampsia",2001,10.1067/mob.2001.109393,database_search,,,,,,,,,,,,,,
P301,Polymorphisms of key enzymes in homocysteine metabolism affect diet responsiveness of plasma homocysteine in healthy women,2001,10.1093/jn/131.10.2643,database_search,,,,,,,,,,,,,,
P302,Hearing impairment risk and interaction of folate metabolism related gene polymorphisms in an aging study,2011,10.1186/1471-2350-12-35,database_search,,,,,,,,,,,,,,
P303,Genetic polymorphisms in the Hmong population: implications for cancer etiology and survival,2004,10.1002/cncr.11913,database_search,,,,,,,,,,,,,,
P304,"Polygenic influence on plasma homocysteine: association of two prevalent mutations, the 844ins68 of cystathionine beta-synthase and A(2756)G of methionine synthase, with lowered plasma homocysteine levels",2000,10.1016/s0021-9150(99)00297-x,database_search,,,,,,,,,,,,,,
P305,A C677T mutation in the methylenetetrahydrofolate reductase gene modifies serum cysteine in dialysis patients,2000,10.1053/ajkd.2000.19085,database_search,,,,,,,,,,,,,,
P306,Genetic evidence that nitric oxide modulates homocysteine: the NOS3 894TT genotype is a risk factor for hyperhomocystenemia,2003,10.1161/01.ATV.0000071348.70527.F4,database_search,,,,,,,,,,,,,,
,,,,,,,,,,,,,,,,,,
,,,,,,,,,,,,,,,,,,
,,,,,,,,,,,,,,,,,,
,,,,,,,,,,,,,,,,,,
,,,,,,,,,,,,,,,,,,
,,,,,,,,,,,,,,,,,,
,,,,,,,,,,,,,,,,,,
,,,,,,,,,,,,,,,,,,
,,,,,,,,,,,,,,,,,,
,,,,,,,,,,,,,,,,,,
,,,,,,,,,,,,,,,,,,
,,,,,,,,,,,,,,,,,,
,,,,,,,,,,,,,,,,,,
,,,,,,,,,,,,,,,,,,
,,,,,,,,,,,,,,,,,,
,,,,,,,,,,,,,,,,,,
,,,,,,,,,,,,,,,,,,
,,,,,,,,,,,,,,,,,,
,,,,,,,,,,,,,,,,,,
,,,,,,,,,,,,,,,,,,
,,,,,,,,,,,,,,,,,,
,,,,,,,,,,,,,,,,,,
,,,,,,,,,,,,,,,,,,
,,,,,,,,,,,,,,,,,,
,,,,,,,,,,,,,,,,,,
,,,,,,,,,,,,,,,,,,
,,,,,,,,,,,,,,,,,,
,,,,,,,,,,,,,,,,,,
,,,,,,,,,,,,,,,,,,
,,,,,,,,,,,,,,,,,,
,,,,,,,,,,,,,,,,,,
,,,,,,,,,,,,,,,,,,
,,,,,,,,,,,,,,,,,,
,,,,,,,,,,,,,,,,,,
,,,,,,,,,,,,,,,,,,
,,,,,,,,,,,,,,,,,,
,,,,,,,,,,,,,,,,,,
,,,,,,,,,,,,,,,,,,
,,,,,,,,,,,,,,,,,,
,,,,,,,,,,,,,,,,,,
,,,,,,,,,,,,,,,,,,
,,,,,,,,,,,,,,,,,,
,,,,,,,,,,,,,,,,,,
,,,,,,,,,,,,,,,,,,
,,,,,,,,,,,,,,,,,,
,,,,,,,,,,,,,,,,,,
,,,,,,,,,,,,,,,,,,
,,,,,,,,,,,,,,,,,,
,,,,,,,,,,,,,,,,,,
,,,,,,,,,,,,,,,,,,
,,,,,,,,,,,,,,,,,,
,,,,,,,,,,,,,,,,,,
,,,,,,,,,,,,,,,,,,
,,,,,,,,,,,,,,,,,,
,,,,,,,,,,,,,,,,,,
,,,,,,,,,,,,,,,,,,
,,,,,,,,,,,,,,,,,,
,,,,,,,,,,,,,,,,,,
,,,,,,,,,,,,,,,,,,
,,,,,,,,,,,,,,,,,,
,,,,,,,,,,,,,,,,,,
,,,,,,,,,,,,,,,,,,
,,,,,,,,,,,,,,,,,,
,,,,,,,,,,,,,,,,,,
,,,,,,,,,,,,,,,,,,
,,,,,,,,,,,,,,,,,,
,,,,,,,,,,,,,,,,,,
,,,,,,,,,,,,,,,,,,
,,,,,,,,,,,,,,,,,,
,,,,,,,,,,,,,,,,,,
,,,,,,,,,,,,,,,,,,
,,,,,,,,,,,,,,,,,,
,,,,,,,,,,,,,,,,,,
,,,,,,,,,,,,,,,,,,
,,,,,,,,,,,,,,,,,,
,,,,,,,,,,,,,,,,,,
,,,,,,,,,,,,,,,,,,
,,,,,,,,,,,,,,,,,,
,,,,,,,,,,,,,,,,,,
,,,,,,,,,,,,,,,,,,
,,,,,,,,,,,,,,,,,,
,,,,,,,,,,,,,,,,,,
,,,,,,,,,,,,,,,,,,
,,,,,,,,,,,,,,,,,,
,,,,,,,,,,,,,,,,,,
,,,,,,,,,,,,,,,,,,
,,,,,,,,,,,,,,,,,,
,,,,,,,,,,,,,,,,,,
,,,,,,,,,,,,,,,,,,
,,,,,,,,,,,,,,,,,,
,,,,,,,,,,,,,,,,,,
,,,,,,,,,,,,,,,,,,
,,,,,,,,,,,,,,,,,,
,,,,,,,,,,,,,,,,,,
,,,,,,,,,,,,,,,,,,
,,,,,,,,,,,,,,,,,,
,,,,,,,,,,,,,,,,,,
,,,,,,,,,,,,,,,,,,
,,,,,,,,,,,,,,,,,,
,,,,,,,,,,,,,,,,,,
,,,,,,,,,,,,,,,,,,
,,,,,,,,,,,,,,,,,,
,,,,,,,,,,,,,,,,,,
,,,,,,,,,,,,,,,,,,
,,,,,,,,,,,,,,,,,,
,,,,,,,,,,,,,,,,,,