PMID,Title,Authors,Citation,First Author,Journal/Book,Publication Year,Create Date,PMCID,NIHMS ID,DOI
40362912,Safety and Efficacy of High-Dose Folinic Acid in Children with Autism: The Impact of Folate Metabolism Gene Polymorphisms,"Zhang C, Chen Y, Hou F, Li Y, Wang W, Guo L, Zhang C, Li L, Lu C.",Nutrients. 2025 May 7;17(9):1602. doi: 10.3390/nu17091602.,Zhang C,Nutrients,2025,2025/05/14,PMC12073535,,10.3390/nu17091602
25771069,Efficacy of folic acid therapy in primary prevention of stroke among adults with hypertension in China: the CSPPT randomized clinical trial,"Huo Y, Li J, Qin X, Huang Y, Wang X, Gottesman RF, Tang G, Wang B, Chen D, He M, Fu J, Cai Y, Shi X, Zhang Y, Cui Y, Sun N, Li X, Cheng X, Wang J, Yang X, Yang T, Xiao C, Zhao G, Dong Q, Zhu D, Wang X, Ge J, Zhao L, Hu D, Liu L, Hou FF; CSPPT Investigators.",JAMA. 2015 Apr 7;313(13):1325-35. doi: 10.1001/jama.2015.2274.,Huo Y,JAMA,2015,2015/03/16,,,10.1001/jama.2015.2274
35562805,Association between serum 5-methyltetrahydrofolate and homocysteine in Chinese hypertensive participants with different MTHFR C677T polymorphisms: a cross-sectional study,"Cheng Y, Liu S, Chen D, Yang Y, Liang Q, Huo Y, Zhou Z, Zhang N, Wang Z, Liu L, Song Y, Liu X, Duan Y, Liang X, Hou B, Wang B, Tang G, Qin X, Yan F.",Nutr J. 2022 May 13;21(1):29. doi: 10.1186/s12937-022-00786-w.,Cheng Y,Nutr J,2022,2022/05/13,PMC9102656,,10.1186/s12937-022-00786-w
29371246,MTHFR Gene and Serum Folate Interaction on Serum Homocysteine Lowering: Prospect for Precision Folic Acid Treatment,"Huang X, Qin X, Yang W, Liu L, Jiang C, Zhang X, Jiang S, Bao H, Su H, Li P, He M, Song Y, Zhao M, Yin D, Wang Y, Zhang Y, Li J, Yang R, Wu Y, Hong K, Wu Q, Chen Y, Sun N, Li X, Tang G, Wang B, Cai Y, Hou FF, Huo Y, Wang H, Wang X, Cheng X.",Arterioscler Thromb Vasc Biol. 2018 Mar;38(3):679-685. doi: 10.1161/ATVBAHA.117.310211. Epub 2018 Jan 25.,Huang X,Arterioscler Thromb Vasc Biol,2018,2018/01/27,,,10.1161/ATVBAHA.117.310211
38478042,Optimal folic acid dosage in lowering homocysteine: Precision Folic Acid Trial to lower homocysteine (PFAT-Hcy),"Huang X, Bao H, Ding C, Li J, Cao T, Liu L, Wei Y, Zhou Z, Zhang N, Song Y, Chen P, Jiang C, Xie L, Qin X, Zhang Y, Li J, Sun N, Tang G, Wang X, Wang H, Huo Y, Cheng X; Precision Folic Acid Trial to lower homocysteine (PFAT-Hcy) Trial Investigators.",Eur J Nutr. 2024 Aug;63(5):1513-1528. doi: 10.1007/s00394-024-03344-8. Epub 2024 Mar 13.,Huang X,Eur J Nutr,2024,2024/03/13,PMC11329420,,10.1007/s00394-024-03344-8
31929371,Homocysteine and IgA nephropathy: observational and Mendelian randomization analyses,"Zhang YM, Zhou XJ, Shi SF, Liu LJ, Lyu JC, Zhang H.",Chin Med J (Engl). 2020 Feb 5;133(3):277-284. doi: 10.1097/CM9.0000000000000613.,Zhang YM,Chin Med J (Engl),2020,2020/01/14,PMC7004620,,10.1097/CM9.0000000000000613
38996094,"Pre-gestational diabetes mellitus, gestational diabetes mellitus, and its association with the MTHFR C677T polymorphism","Pham NTN, Huynh CTN, Nguyen ATT, Ho CQ, Duong LM, Bui DT, Nguyen HH.",Medicine (Baltimore). 2024 Jul 12;103(28):e38648. doi: 10.1097/MD.0000000000038648.,Pham NTN,Medicine (Baltimore),2024,2024/07/12,PMC11245254,,10.1097/MD.0000000000038648
27614738,Association of the MTHFR Gene C677T Polymorphism with Breast Cancer in a Turkish Population,"Kaya EF, Karakus N, Ulusoy AN, Özaslan C, Kara N.",Oncol Res Treat. 2016;39(9):534-8. doi: 10.1159/000448084. Epub 2016 Aug 18.,Kaya EF,Oncol Res Treat,2016,2016/09/12,,,10.1159/000448084
40158176,Prevalence of MTHFR C677T polymorphism and its association with serum homocysteine and blood pressure among different ethnic groups: insights from a cohort study of Nepal,"Bhatt RD, Karmacharya BM, Shrestha A, Timalsena D, Madhup S, Shahi R, Katuwal N, Shrestha R, Fitzpatrick AL, Risal P.",BMC Cardiovasc Disord. 2025 Mar 29;25(1):235. doi: 10.1186/s12872-025-04690-z.,Bhatt RD,BMC Cardiovasc Disord,2025,2025/03/29,PMC11954282,,10.1186/s12872-025-04690-z
28225483,Homocysteine and all-cause mortality in hypertensive adults without pre-existing cardiovascular conditions: Effect modification by MTHFR C677T polymorphism,"Xu B, Kong X, Xu R, Song Y, Liu L, Zhou Z, Gu R, Shi X, Zhao M, Huang X, He M, Fu J, Cai Y, Li P, Cheng X, Wu C, Chen F, Zhang Y, Tang G, Qin X, Wang B, Xue H, Chen Y, Tian Y, Sun N, Cui Y, Hou FF, Li J, Huo Y.",Medicine (Baltimore). 2017 Feb;96(8):e5862. doi: 10.1097/MD.0000000000005862.,Xu B,Medicine (Baltimore),2017,2017/02/23,PMC5569412,,10.1097/MD.0000000000005862
33833133,"Genetic effect of MTHFR C677T, A1298C, and A1793G polymorphisms on the age at onset, plasma homocysteine, and white matter lesions in Alzheimer's disease in the Chinese population","Jiang Y, Xiao X, Wen Y, Wan M, Zhou L, Liu X, Wang X, Guo L, Liu H, Zhou Y, Wang J, Liao X, Shen L, Jiao B.",Aging (Albany NY). 2021 Apr 4;13(8):11352-11362. doi: 10.18632/aging.202827. Epub 2021 Apr 4.,Jiang Y,Aging (Albany NY),2021,2021/04/09,PMC8109119,,10.18632/aging.202827
36872017,"Infant blood concentrations of folate markers and catabolites are modified by 5,10-methylenetetrahydrofolate reductase C677T genotype and dietary folate source","Obeid R, Warnke I, Wittke A, Bendik I, Troesch B, Schoop R, Hecht C, Demmelmair J, Koletzko B; MEFOLIN Study Group.",Am J Clin Nutr. 2023 Mar;117(3):509-517. doi: 10.1016/j.ajcnut.2022.09.002.,Obeid R,Am J Clin Nutr,2023,2023/03/05,,,10.1016/j.ajcnut.2022.09.002
28360116,Homocysteine and Stroke Risk: Modifying Effect of Methylenetetrahydrofolate Reductase C677T Polymorphism and Folic Acid Intervention,"Zhao M, Wang X, He M, Qin X, Tang G, Huo Y, Li J, Fu J, Huang X, Cheng X, Wang B, Hou FF, Sun N, Cai Y.",Stroke. 2017 May;48(5):1183-1190. doi: 10.1161/STROKEAHA.116.015324. Epub 2017 Mar 30.,Zhao M,Stroke,2017,2017/04/01,,,10.1161/STROKEAHA.116.015324
21123458,MTHFR C677T genotype influences the isotopic enrichment of one-carbon metabolites in folate-compromised men consuming d9-choline,"Yan J, Wang W, Gregory JF 3rd, Malysheva O, Brenna JT, Stabler SP, Allen RH, Caudill MA.",Am J Clin Nutr. 2011 Feb;93(2):348-55. doi: 10.3945/ajcn.110.005975. Epub 2010 Dec 1.,Yan J,Am J Clin Nutr,2011,2010/12/03,PMC3021427,,10.3945/ajcn.110.005975
26266420,"Homocysteine Metabolism Gene Polymorphisms (MTHFR C677T, MTHFR A1298C, MTR A2756G and MTRR A66G) Jointly Elevate the Risk of Folate Deficiency","Li WX, Dai SX, Zheng JJ, Liu JQ, Huang JF.",Nutrients. 2015 Aug 10;7(8):6670-87. doi: 10.3390/nu7085303.,Li WX,Nutrients,2015,2015/08/13,PMC4555142,,10.3390/nu7085303
29245302,MTHFR C677T gene polymorphism and the severity of coronary lesions in acute coronary syndrome,"Li MN, Wang HJ, Zhang NR, Xuan L, Shi XJ, Zhou T, Chen B, Zhang J, Li H.",Medicine (Baltimore). 2017 Dec;96(49):e9044. doi: 10.1097/MD.0000000000009044.,Li MN,Medicine (Baltimore),2017,2017/12/17,PMC5728917,,10.1097/MD.0000000000009044
17164649,"Homocysteine, MTHFR C677 T, vitamin B12, and folate levels in Thai children with ischemic stroke: a case-control study","Sirachainan N, Tapanapruksakul P, Visudtibhan A, Chuansumrit A, Cheeramakara C, Atamasirikul K, Chotsuppakarn S, Areekul S.",J Pediatr Hematol Oncol. 2006 Dec;28(12):803-8. doi: 10.1097/MPH.0b013e31802d3e8a.,Sirachainan N,J Pediatr Hematol Oncol,2006,2006/12/14,,,10.1097/MPH.0b013e31802d3e8a
22230384,MTHFR C677T and MTR A2756G polymorphisms and the homocysteine lowering efficacy of different doses of folic acid in hypertensive Chinese adults,"Qin X, Li J, Cui Y, Liu Z, Zhao Z, Ge J, Guan D, Hu J, Wang Y, Zhang F, Xu X, Wang X, Xu X, Huo Y.",Nutr J. 2012 Jan 10;11:2. doi: 10.1186/1475-2891-11-2.,Qin X,Nutr J,2012,2012/01/11,PMC3274435,,10.1186/1475-2891-11-2
30606816,MTHFR C677T polymorphism increases MTX sensitivity via the inhibition of S-adenosylmethionine and de novo purine synthesis,"Wang YC, Wu MT, Tang FY, Chen DY, Ko HA, Shane B, Huang WN, Chiang EP.",Clin Sci (Lond). 2019 Jan 25;133(2):253-267. doi: 10.1042/CS20180932. Print 2019 Jan 31.,Wang YC,Clin Sci (Lond),2019,2019/01/05,,,10.1042/CS20180932
32019154,Food Intervention with Folate Reduces TNF-α and Interleukin Levels in Overweight and Obese Women with the MTHFR C677T Polymorphism: A Randomized Trial,"Lisboa JVC, Ribeiro MR, Luna RCP, Lima RPA, Nascimento RAFD, Monteiro MGCA, Lima KQF, Fechine CPNDS, Oliveira NFP, Persuhn DC, Veras RC, Gonçalves MDCR, Ferreira FELL, Lima RT, Silva ASD, Diniz ADS, Almeida ATC, Moraes RM, Junior EV, Costa MJC.",Nutrients. 2020 Jan 30;12(2):361. doi: 10.3390/nu12020361.,Lisboa JVC,Nutrients,2020,2020/02/06,PMC7071147,,10.3390/nu12020361
31932513,Interaction of serum vitamin B(12) and folate with MTHFR genotypes on risk of ischemic stroke,"Qin X, Spence JD, Li J, Zhang Y, Li Y, Sun N, Liang M, Song Y, Zhang Y, Wang B, Cheng X, Zhao L, Wang X, Xu X, Huo Y.",Neurology. 2020 Mar 17;94(11):e1126-e1136. doi: 10.1212/WNL.0000000000008932. Epub 2020 Jan 13.,Qin X,Neurology,2020,2020/01/15,PMC7220236,,10.1212/WNL.0000000000008932
15503105,"Plasma homocysteine, MTHFR C677T, CBS 844ins68bp, and MTHFD1 G1958A polymorphisms in spontaneous cervical artery dissections","Konrad C, Müller GA, Langer C, Kuhlenbäumer G, Berger K, Nabavi DG, Dziewas R, Stögbauer F, Ringelstein EB, Junker R.",J Neurol. 2004 Oct;251(10):1242-8. doi: 10.1007/s00415-004-0523-z.,Konrad C,J Neurol,2004,2004/10/27,,,10.1007/s00415-004-0523-z
12560354,Effect of riboflavin status on the homocysteine-lowering effect of folate in relation to the MTHFR (C677T) genotype,"Moat SJ, Ashfield-Watt PA, Powers HJ, Newcombe RG, McDowell IF.",Clin Chem. 2003 Feb;49(2):295-302. doi: 10.1373/49.2.295.,Moat SJ,Clin Chem,2003,2003/02/01,,,10.1373/49.2.295
11721146,"Plasma folate, vitamin B(12), and total homocysteine and homozygosity for the C677T mutation of the 5,10-methylene tetrahydrofolate reductase gene in patients with Alzheimer's dementia. A case-control study","Postiglione A, Milan G, Ruocco A, Gallotta G, Guiotto G, Di Minno G.",Gerontology. 2001 Nov-Dec;47(6):324-9. doi: 10.1159/000052822.,Postiglione A,Gerontology,2001,2001/11/27,,,10.1159/000052822
27379829,One-carbon metabolites and telomere length in a prospective and randomized study of B- and/or D-vitamin supplementation,"Pusceddu I, Herrmann M, Kirsch SH, Werner C, Hübner U, Bodis M, Laufs U, Widmann T, Wagenpfeil S, Geisel J, Herrmann W.",Eur J Nutr. 2017 Aug;56(5):1887-1898. doi: 10.1007/s00394-016-1231-z. Epub 2016 Jul 5.,Pusceddu I,Eur J Nutr,2017,2016/07/06,,,10.1007/s00394-016-1231-z
27035272,"Correlation of clinical response with homocysteine reduction during therapy with reduced B vitamins in patients with MDD who are positive for MTHFR C677T or A1298C polymorphism: a randomized, double-blind, placebo-controlled study","Mech AW, Farah A.",J Clin Psychiatry. 2016 May;77(5):668-71. doi: 10.4088/JCP.15m10166.,Mech AW,J Clin Psychiatry,2016,2016/04/02,,,10.4088/JCP.15m10166
12048292,Homocysteine and folate status in methotrexate-treated patients with rheumatoid arthritis,"van Ede AE, Laan RF, Blom HJ, Boers GH, Haagsma CJ, Thomas CM, De Boo TM, van de Putte LB.",Rheumatology (Oxford). 2002 Jun;41(6):658-65. doi: 10.1093/rheumatology/41.6.658.,van Ede AE,Rheumatology (Oxford),2002,2002/06/06,,,10.1093/rheumatology/41.6.658
19384265,The effects of vitamin supplementation and MTHFR (C677T) genotype on homocysteine-lowering and migraine disability,"Lea R, Colson N, Quinlan S, Macmillan J, Griffiths L.",Pharmacogenet Genomics. 2009 Jun;19(6):422-8. doi: 10.1097/FPC.0b013e32832af5a3.,Lea R,Pharmacogenet Genomics,2009,2009/04/23,,,10.1097/FPC.0b013e32832af5a3
23698160,Homocysteine lowering by folate-rich diet or pharmacological supplementations in subjects with moderate hyperhomocysteinemia,"Zappacosta B, Mastroiacovo P, Persichilli S, Pounis G, Ruggeri S, Minucci A, Carnovale E, Andria G, Ricci R, Scala I, Genovese O, Turrini A, Mistura L, Giardina B, Iacoviello L.",Nutrients. 2013 May 8;5(5):1531-43. doi: 10.3390/nu5051531.,Zappacosta B,Nutrients,2013,2013/05/24,PMC3708334,,10.3390/nu5051531
22219102,Impact of MTHFR C677T gene polymorphism and vitamins intake on homocysteine concentration in the Polish adult population,"Waśkiewicz A, Piotrowski W, Broda G, Sobczyk-Kopcioł A, Płoski R.",Kardiol Pol. 2011;69(12):1259-64.,Waśkiewicz A,Kardiol Pol,2011,2012/01/06,,,
34348647,"The prevalence, relative risk factors and MTHFR C677T genotype of H type hypertension of the elderly hypertensives in Shanghai, China: a cross-section study : Prevalence of H type hypertension","Qian XL, Cao H, Zhang J, Gu ZH, Tang WQ, Shen L, Hu JL, Yao ZF, Zhang L, Tang MN, Lv XC, Zhou J, Jin XJ, Hong B, Cui ZQ, Ge JB.",BMC Cardiovasc Disord. 2021 Aug 4;21(1):376. doi: 10.1186/s12872-021-02151-x.,Qian XL,BMC Cardiovasc Disord,2021,2021/08/05,PMC8336333,,10.1186/s12872-021-02151-x
23430981,"Haplotype analysis of the folate-related genes MTHFR, MTRR, and MTR and migraine with aura","Roecklein KA, Scher AI, Smith A, Harris T, Eiriksdottir G, Garcia M, Gudnason V, Launer LJ.",Cephalalgia. 2013 May;33(7):469-82. doi: 10.1177/0333102413477738. Epub 2013 Feb 19.,Roecklein KA,Cephalalgia,2013,2013/02/23,PMC4231882,NIHMS639154,10.1177/0333102413477738
11532106,"An MTHFR variant, homocysteine, and cardiovascular comorbidity in renal disease","Wrone EM, Zehnder JL, Hornberger JM, McCann LM, Coplon NS, Fortmann SP.",Kidney Int. 2001 Sep;60(3):1106-13. doi: 10.1046/j.1523-1755.2001.0600031106.x.,Wrone EM,Kidney Int,2001,2001/09/05,,,10.1046/j.1523-1755.2001.0600031106.x
25598270,Effects of dietary folate intake on migraine disability and frequency,"Menon S, Lea RA, Ingle S, Sutherland M, Wee S, Haupt LM, Palmer M, Griffiths LR.",Headache. 2015 Feb;55(2):301-9. doi: 10.1111/head.12490. Epub 2015 Jan 19.,Menon S,Headache,2015,2015/01/20,,,10.1111/head.12490
19825913,Hyperhomocysteinemia and C677T MTHFR genotype in patients with retinal vein thrombosis,"Sottilotta G, Siboni SM, Latella C, Oriana V, Romeo E, Santoro R, Consonni D, Trapani Lombardo V.",Clin Appl Thromb Hemost. 2010 Oct;16(5):549-53. doi: 10.1177/1076029609348644. Epub 2009 Oct 13.,Sottilotta G,Clin Appl Thromb Hemost,2010,2009/10/15,,,10.1177/1076029609348644
15935452,Gene--nutrition interactions in coronary artery disease: correlation between the MTHFR C677T polymorphism and folate and homocysteine status in a Korean population,"Huh HJ, Chi HS, Shim EH, Jang S, Park CJ.",Thromb Res. 2006;117(5):501-6. doi: 10.1016/j.thromres.2005.04.009. Epub 2005 Jun 1.,Huh HJ,Thromb Res,2006,2005/06/07,,,10.1016/j.thromres.2005.04.009
32992197,Homocysteinemia is Associated with the Presence of Microbleeds in Cognitively Impaired Patients,"Yoo JS, Ryu CH, Kim YS, Kim HJ, Bushnell CD, Kim HY.",J Stroke Cerebrovasc Dis. 2020 Dec;29(12):105302. doi: 10.1016/j.jstrokecerebrovasdis.2020.105302. Epub 2020 Sep 18.,Yoo JS,J Stroke Cerebrovasc Dis,2020,2020/09/29,,,10.1016/j.jstrokecerebrovasdis.2020.105302
32318793,Combined effect of polymorphisms of MTHFR and MTR and arsenic methylation capacity on developmental delay in preschool children in Taiwan,"Hsueh YM, Lin YC, Chung CJ, Huang YL, Hsieh RL, Huang PT, Wu MY, Shiue HS, Chien SN, Lee CY, Lin MI, Mu SC, Su CT.",Arch Toxicol. 2020 Jun;94(6):2027-2038. doi: 10.1007/s00204-020-02745-y. Epub 2020 Apr 21.,Hsueh YM,Arch Toxicol,2020,2020/04/23,,,10.1007/s00204-020-02745-y
27316508,Methylenetetrahydrofolate reductase C677T and methionine synthase A2756G gene polymorphisms and associated risk of cardiovascular diseases: A study from Jammu region,"Raina JK, Sharma M, Panjaliya RK, Bhagat M, Sharma R, Bakaya A, Kumar P.",Indian Heart J. 2016 May-Jun;68(3):421-30. doi: 10.1016/j.ihj.2016.02.009. Epub 2016 Apr 20.,Raina JK,Indian Heart J,2016,2016/06/19,PMC4912384,,10.1016/j.ihj.2016.02.009
26559681,The C677T MTHFR genotypes influence the efficacy of B9 and B12 vitamins supplementation to lowering plasma total homocysteine in hemodialysis,"Achour O, Elmtaoua S, Zellama D, Omezzine A, Moussa A, Rejeb J, Boumaiza I, Bouacida L, Rejeb NB, Achour A, Bouslama A.",J Nephrol. 2016 Oct;29(5):691-8. doi: 10.1007/s40620-015-0235-8. Epub 2015 Nov 11.,Achour O,J Nephrol,2016,2015/11/13,,,10.1007/s40620-015-0235-8
16268464,"Association of MTRRA66G polymorphism (but not of MTHFR C677T and A1298C, MTRA2756G, TCN C776G) with homocysteine and coronary artery disease in the French population","Guéant-Rodriguez RM, Juilliére Y, Candito M, Adjalla CE, Gibelin P, Herbeth B, Van Obberghen E, Gueánt JL.",Thromb Haemost. 2005 Sep;94(3):510-5. doi: 10.1160/TH05-04-0262.,Guéant-Rodriguez RM,Thromb Haemost,2005,2005/11/05,,,10.1160/TH05-04-0262
32758174,Association of MTHFR C677T polymorphism with severity and localization of chronic atrophic gastritis patients without Helicobacter pylori infection: a case control study,"Kong S, Ye F, Dang Y, Hua Y, Zhang G.",BMC Cancer. 2020 Aug 5;20(1):725. doi: 10.1186/s12885-020-07208-2.,Kong S,BMC Cancer,2020,2020/08/08,PMC7405366,,10.1186/s12885-020-07208-2
15777680,Are effects of MTHFR (C677T) genotype on BMD confined to women with low folate and riboflavin intake? Analysis of food records from the Danish osteoporosis prevention study,"Abrahamsen B, Madsen JS, Tofteng CL, Stilgren L, Bladbjerg EM, Kristensen SR, Brixen K, Mosekilde L.",Bone. 2005 Mar;36(3):577-83. doi: 10.1016/j.bone.2004.12.014.,Abrahamsen B,Bone,2005,2005/03/22,,,10.1016/j.bone.2004.12.014
12747601,"Homocysteine, methylenetetrahydrofolate reductase C677T polymorphism and the B-vitamins: a facet of nature-nurture interplay","Herrmann W, Obeid R, Schorr H, Zarzour W, Geisel J.",Clin Chem Lab Med. 2003 Apr;41(4):547-53. doi: 10.1515/CCLM.2003.083.,Herrmann W,Clin Chem Lab Med,2003,2003/05/16,,,10.1515/CCLM.2003.083
11738277,"Optimization of dietary folate or low-dose folic acid supplements lower homocysteine but do not enhance endothelial function in healthy adults, irrespective of the methylenetetrahydrofolate reductase (C677T) genotype","Pullin CH, Ashfield-Watt PA, Burr ML, Clark ZE, Lewis MJ, Moat SJ, Newcombe RG, Powers HJ, Whiting JM, McDowell IF.",J Am Coll Cardiol. 2001 Dec;38(7):1799-805. doi: 10.1016/s0735-1097(01)01668-0.,Pullin CH,J Am Coll Cardiol,2001,2001/12/12,,,10.1016/s0735-1097(01)01668-0
16774768,"Homocysteine serum levels and MTHFR C677T genotype in patients with Parkinson's disease, with and without levodopa therapy","Todorović Z, Dzoljić E, Novaković I, Mirković D, Stojanović R, Nesić Z, Krajinović M, Prostran M, Kostić V.",J Neurol Sci. 2006 Oct 25;248(1-2):56-61. doi: 10.1016/j.jns.2006.05.040. Epub 2006 Jun 13.,Todorović Z,J Neurol Sci,2006,2006/06/16,,,10.1016/j.jns.2006.05.040
24793554,Comparison of homocysteinemia and MTHFR 677CT polymorphism with Framingham Coronary Heart Risk Score,"Gariglio L, Riviere S, Morales A, Porcile R, Potenzoni M, Fridman O.",Arch Cardiol Mex. 2014 Apr-Jun;84(2):71-8. doi: 10.1016/j.acmx.2013.12.006. Epub 2014 May 1.,Gariglio L,Arch Cardiol Mex,2014,2014/05/06,,,10.1016/j.acmx.2013.12.006
23959833,"5,10-Methylenetetrahydrofolate reductase (MTHFR), methionine synthase (MTRR), and methionine synthase reductase (MTR) gene polymorphisms and adult meningioma risk","Zhang J, Zhou YW, Shi HP, Wang YZ, Li GL, Yu HT, Xie XY.",J Neurooncol. 2013 Nov;115(2):233-9. doi: 10.1007/s11060-013-1218-z.,Zhang J,J Neurooncol,2013,2013/08/21,,,10.1007/s11060-013-1218-z
27626182,Predictive value of homocysteine for depression after acute coronary syndrome,"Kang HJ, Stewart R, Bae KY, Kim SW, Shin IS, Kang H, Moon WJ, Hong YJ, Ahn Y, Jeong MH, Yoon JS, Kim JM.",Oncotarget. 2016 Oct 18;7(42):69032-69040. doi: 10.18632/oncotarget.11966.,Kang HJ,Oncotarget,2016,2016/09/15,PMC5356609,,10.18632/oncotarget.11966
23787444,Maternal C677T MTHFR polymorphism and environmental factors are associated with cleft lip and palate in a Mexican population,"Ibarra-Lopez JJ, Duarte P, Antonio-Vejar V, Calderon-Aranda ES, Huerta-Beristain G, Flores-Alfaro E, Moreno-Godinez ME.",J Investig Med. 2013 Aug;61(6):1030-5. doi: 10.2310/JIM.0b013e31829a7e7e.,Ibarra-Lopez JJ,J Investig Med,2013,2013/06/22,,,10.2310/JIM.0b013e31829a7e7e
28004270,Determinants of folate and vitamin B12 plasma levels in the French E3N-EPIC cohort,"de Batlle J, Matejcic M, Chajes V, Moreno-Macias H, Amadou A, Slimani N, Cox DG, Clavel-Chapelon F, Fagherazzi G, Romieu I.",Eur J Nutr. 2018 Mar;57(2):751-760. doi: 10.1007/s00394-016-1365-z. Epub 2016 Dec 21.,de Batlle J,Eur J Nutr,2018,2016/12/23,,,10.1007/s00394-016-1365-z
38876040,"Betaine supplementation modulates betaine concentration by methylenetetrahydrofolate reductase genotype, but has no effect on amino acid profile in healthy active males: A randomized placebo-controlled cross-over study","Zawieja E, Drabińska N, Jeleń H, Szwengiel A, Durkalec-Michalski K, Chmurzynska A.",Nutr Res. 2024 Jul;127:63-74. doi: 10.1016/j.nutres.2024.05.003. Epub 2024 May 23.,Zawieja E,Nutr Res,2024,2024/06/14,,,10.1016/j.nutres.2024.05.003
37409757,"Betaine supplementation improves CrossFit performance and increases testosterone levels, but has no influence on Wingate power: randomized crossover trial","Zawieja E, Durkalec-Michalski K, Sadowski M, Główka N, Chmurzynska A.",J Int Soc Sports Nutr. 2023 Dec;20(1):2231411. doi: 10.1080/15502783.2023.2231411.,Zawieja E,J Int Soc Sports Nutr,2023,2023/07/06,PMC10327519,,10.1080/15502783.2023.2231411
20298385,Lack of association between the MTHFR (C677T) polymorphism and atopic disease,"Thuesen BH, Husemoen LL, Fenger M, Linneberg A.",Clin Respir J. 2009 Apr;3(2):102-8. doi: 10.1111/j.1752-699X.2009.00128.x.,Thuesen BH,Clin Respir J,2009,2010/03/20,,,10.1111/j.1752-699X.2009.00128.x
25012419,The one-carbon-cycle and methylenetetrahydrofolate reductase (MTHFR) C677T polymorphism in recurrent major depressive disorder; influence of antidepressant use and depressive state?,"Lok A, Mocking RJ, Assies J, Koeter MW, Bockting CL, de Vries GJ, Visser I, Derks EM, Kayser M, Schene AH.",J Affect Disord. 2014 Sep;166:115-23. doi: 10.1016/j.jad.2014.04.048. Epub 2014 Apr 30.,Lok A,J Affect Disord,2014,2014/07/12,,,10.1016/j.jad.2014.04.048
19272686,Effect of the MTHFR C677T and A1298C polymorphisms on survival in patients with advanced CKD and ESRD: a prospective study,"Jamison RL, Shih MC, Humphries DE, Guarino PD, Kaufman JS, Goldfarb DS, Warren SR, Gaziano JM, Lavori P; Veterans Affairs Site Investigators.",Am J Kidney Dis. 2009 May;53(5):779-89. doi: 10.1053/j.ajkd.2008.12.023. Epub 2009 Mar 9.,Jamison RL,Am J Kidney Dis,2009,2009/03/11,,,10.1053/j.ajkd.2008.12.023
26438060,"Polymorphisms of 5,10-methylenetetrahydrofolate reductase and thymidylate synthase, dietary folate intake, and the risk of leukemia in adults","Liu P, Zhang M, Xie X, Jin J, Holman CD.",Tumour Biol. 2016 Mar;37(3):3265-75. doi: 10.1007/s13277-015-4168-6. Epub 2015 Oct 5.,Liu P,Tumour Biol,2016,2015/10/07,,,10.1007/s13277-015-4168-6
18945219,MTHFR C677T polymorphism and risk of HCC in patients with liver cirrhosis: role of male gender and alcohol consumption,"Fabris C, Toniutto P, Falleti E, Fontanini E, Cussigh A, Bitetto D, Fornasiere E, Fumolo E, Avellini C, Minisini R, Pirisi M.",Alcohol Clin Exp Res. 2009 Jan;33(1):102-7. doi: 10.1111/j.1530-0277.2008.00816.x. Epub 2008 Oct 18.,Fabris C,Alcohol Clin Exp Res,2009,2008/10/24,,,10.1111/j.1530-0277.2008.00816.x
17488658,Methylenetetrahydrofolate reductase C677T and A1298C gene variants in adult non-Hodgkin's lymphoma patients: association with toxicity and survival,"Gemmati D, Ongaro A, Tognazzo S, Catozzi L, Federici F, Mauro E, Della Porta M, Campioni D, Bardi A, Gilli G, Pellati A, Caruso A, Scapoli GL, De Mattei M.",Haematologica. 2007 Apr;92(4):478-85. doi: 10.3324/haematol.10587.,Gemmati D,Haematologica,2007,2007/05/10,,,10.3324/haematol.10587
12705333,"Association between 5,10-methylenetetrahydrofolate reductase C677T and A1298C polymorphisms and conotruncal heart defects","Storti S, Vittorini S, Iascone MR, Sacchelli M, Collavoli A, Ripoli A, Cocchi G, Biagini A, Clerico A.",Clin Chem Lab Med. 2003 Mar;41(3):276-80. doi: 10.1515/CCLM.2003.043.,Storti S,Clin Chem Lab Med,2003,2003/04/23,,,10.1515/CCLM.2003.043
26879531,Interaction between MTHFR 677C>T and periconceptional folic acid supplementation in the risk of Hypospadias,"Dokter EM, van Rooij IA, Wijers CH, Groothuismink JM, van der Biezen JJ, Feitz WF, Roeleveld N, van der Zanden LF.",Birth Defects Res A Clin Mol Teratol. 2016 Apr;106(4):275-84. doi: 10.1002/bdra.23487. Epub 2016 Feb 16.,Dokter EM,Birth Defects Res A Clin Mol Teratol,2016,2016/02/17,,,10.1002/bdra.23487
17551576,"Role of C677T and A1298C MTHFR, A2756G MTR and -786 C/T eNOS gene polymorphisms in atrial fibrillation susceptibility","Giusti B, Gori AM, Marcucci R, Sestini I, Saracini C, Sticchi E, Gensini F, Fatini C, Abbate R, Gensini GF.",PLoS One. 2007 Jun 6;2(6):e495. doi: 10.1371/journal.pone.0000495.,Giusti B,PLoS One,2007,2007/06/07,PMC1876814,,10.1371/journal.pone.0000495
28397471,"Interactions of Methylenetetrahydrofolate Reductase Gene Polymorphisms, Folate, and Homocysteine on Blood Pressure in a Chinese Hypertensive Population","Li WX, Liao P, Hu CY, Cheng F, Zhang T, Sun YY, Tang L, Wang MM, Liu KS, Liu D, Liu F.",Clin Lab. 2017 Apr 1;63(4):817-825. doi: 10.7754/Clin.Lab.2016.160918.,Li WX,Clin Lab,2017,2017/04/12,,,10.7754/Clin.Lab.2016.160918
22052259,"MTHFR polymorphisms, folate intake and carcinogen DNA adducts in the lung","Lee MS, Asomaning K, Su L, Wain JC, Mark EJ, Christiani DC.",Int J Cancer. 2012 Sep 1;131(5):1203-9. doi: 10.1002/ijc.27338. Epub 2012 Jan 11.,Lee MS,Int J Cancer,2012,2011/11/05,PMC3293105,NIHMS336923,10.1002/ijc.27338
29911750,Use of MTHFR C677T polymorphism and plasma pharmacokinetics to predict methotrexate toxicity in patients with acute lymphoblastic leukemia,"Mahmoud LB, Mdhaffar M, Frikha R, Ghozzi H, Hakim A, Sahnoun Z, Elloumi M, Zeghal K.",Adv Clin Exp Med. 2018 Aug;27(8):1061-1068. doi: 10.17219/acem/69802.,Mahmoud LB,Adv Clin Exp Med,2018,2018/06/19,,,10.17219/acem/69802
30684021,Folate pathway genetic polymorphisms modulate methotrexate-induced toxicity in childhood acute lymphoblastic leukemia,"Yousef AM, Farhad R, Alshamaseen D, Alsheikh A, Zawiah M, Kadi T.",Cancer Chemother Pharmacol. 2019 Apr;83(4):755-762. doi: 10.1007/s00280-019-03776-8. Epub 2019 Jan 25.,Yousef AM,Cancer Chemother Pharmacol,2019,2019/01/27,,,10.1007/s00280-019-03776-8
22983814,Vitamin B12 level in peripheral arterial disease,"Zsóri KS, Csiki Z, Katona É, Bereczky Z, Shemirani AH.",J Thromb Thrombolysis. 2013 Jul;36(1):77-83. doi: 10.1007/s11239-012-0807-6.,Zsóri KS,J Thromb Thrombolysis,2013,2012/09/18,,,10.1007/s11239-012-0807-6
22926161,Genotypes of the MTHFR C677T and MTRR A66G genes act independently to reduce migraine disability in response to vitamin supplementation,"Menon S, Lea RA, Roy B, Hanna M, Wee S, Haupt LM, Oliver C, Griffiths LR.",Pharmacogenet Genomics. 2012 Oct;22(10):741-9. doi: 10.1097/FPC.0b013e3283576b6b.,Menon S,Pharmacogenet Genomics,2012,2012/08/29,,,10.1097/FPC.0b013e3283576b6b
24459043,Predicting Hyperhomocysteinemia by Methylenetetrahydrofolate Reductase C677T Polymorphism in Chinese Patients With Hypertension,"Wang Y, Xu X, Huo Y, Liu D, Cui Y, Liu Z, Zhao Z, Xu X, Liu L, Li X, Jiang S.",Clin Appl Thromb Hemost. 2015 Oct;21(7):661-6. doi: 10.1177/1076029613519849. Epub 2014 Jan 22.,Wang Y,Clin Appl Thromb Hemost,2015,2014/01/25,,,10.1177/1076029613519849
30170616,Methylenetetrahydrofolate reductase polymorphism (MTHFR C677T) and headache in children: a retrospective study from a tertiary level outpatient service,"Orsini A, Sammartino I, Valetto A, Bertini V, Marchese P, Bonuccelli A, Peroni DG.",Ital J Pediatr. 2018 Aug 31;44(1):106. doi: 10.1186/s13052-018-0546-1.,Orsini A,Ital J Pediatr,2018,2018/09/02,PMC6119283,,10.1186/s13052-018-0546-1
25041994,Polymorphisms in folate-metabolizing enzymes and response to 5-fluorouracil among patients with stage II or III rectal cancer (INT-0144; SWOG 9304),"Ulrich CM, Rankin C, Toriola AT, Makar KW, Altug-Teber Ö, Benedetti JK, Holmes RS, Smalley SR, Blanke CD, Lenz HJ.",Cancer. 2014 Nov 1;120(21):3329-3337. doi: 10.1002/cncr.28830. Epub 2014 Jul 15.,Ulrich CM,Cancer,2014,2014/07/22,PMC4259283,NIHMS619839,10.1002/cncr.28830
17149733,Infant C677T MTHFR polymorphism and severe mental retardation,"Shaw GM, Jelliffe-Pawlowski L, Nelson V, Zhu H, Harris JA, Finnell RH.",Birth Defects Res A Clin Mol Teratol. 2007 Jan;79(1):24-6. doi: 10.1002/bdra.20321.,Shaw GM,Birth Defects Res A Clin Mol Teratol,2007,2006/12/07,,,10.1002/bdra.20321
17932361,Responses of biomarkers of folate and riboflavin status to folate and riboflavin supplementation in healthy and colorectal polyp patients (the FAB2 Study),"Powers HJ, Hill MH, Welfare M, Spiers A, Bal W, Russell J, Duckworth Y, Gibney E, Williams EA, Mathers JC.",Cancer Epidemiol Biomarkers Prev. 2007 Oct;16(10):2128-35. doi: 10.1158/1055-9965.EPI-07-0208.,Powers HJ,Cancer Epidemiol Biomarkers Prev,2007,2007/10/13,,,10.1158/1055-9965.EPI-07-0208
21113717,MTHFR C677T and A1298C polymorphisms and cerebral stroke in two twin gestations,"Arpino C, Compagnone E, Cacciatore D, Coniglio A, Castorina M, Curatolo P.",Childs Nerv Syst. 2011 Apr;27(4):665-9. doi: 10.1007/s00381-010-1340-6. Epub 2010 Nov 27.,Arpino C,Childs Nerv Syst,2011,2010/11/30,,,10.1007/s00381-010-1340-6
18322814,Folate and MTHFR: risk of adenoma recurrence in the Polyp Prevention Trial,"Murphy G, Sansbury LB, Cross AJ, Stolzenberg-Solomon R, Laiyemo A, Albert PS, Wang Z, Schatzkin A, Lehman T, Kalidindi A, Modali R, Lanza E.",Cancer Causes Control. 2008 Sep;19(7):751-8. doi: 10.1007/s10552-008-9137-6. Epub 2008 Mar 6.,Murphy G,Cancer Causes Control,2008,2008/03/07,,,10.1007/s10552-008-9137-6
10893069,Hyperhomocysteinemia and the MTHFR C677T mutation in central retinal vein occlusion,"Larsson J, Hultberg B, Hillarp A.",Acta Ophthalmol Scand. 2000 Jun;78(3):340-3. doi: 10.1034/j.1600-0420.2000.078003340.x.,Larsson J,Acta Ophthalmol Scand,2000,2000/07/13,,,10.1034/j.1600-0420.2000.078003340.x
32330571,Impact of the MTHFR C677T polymorphism on one-carbon metabolites: Evidence from a randomised trial of riboflavin supplementation,"Rooney M, Bottiglieri T, Wasek-Patterson B, McMahon A, Hughes CF, McCann A, Horigan G, Strain JJ, McNulty H, Ward M.",Biochimie. 2020 Jun;173:91-99. doi: 10.1016/j.biochi.2020.04.004. Epub 2020 Apr 21.,Rooney M,Biochimie,2020,2020/04/25,,,10.1016/j.biochi.2020.04.004
23244153,"Aberrant DNA methylation of P16, MGMT, and hMLH1 genes in combination with MTHFR C677T genetic polymorphism and folate intake in esophageal squamous cell carcinoma","Chen J, Huang ZJ, Duan YQ, Xiao XR, Jiang JQ, Zhang R.",Asian Pac J Cancer Prev. 2012;13(10):5303-6. doi: 10.7314/apjcp.2012.13.10.5303.,Chen J,Asian Pac J Cancer Prev,2012,2012/12/19,,,10.7314/apjcp.2012.13.10.5303
19326430,The MTHFR C677T and DeltaDNMT3B C-149T polymorphisms confer different risks for right- and left-sided colorectal cancer,"Iacopetta B, Heyworth J, Girschik J, Grieu F, Clayforth C, Fritschi L.",Int J Cancer. 2009 Jul 1;125(1):84-90. doi: 10.1002/ijc.24324.,Iacopetta B,Int J Cancer,2009,2009/03/28,,,10.1002/ijc.24324
22492374,Prospective study of methylenetetrahydrofolate reductase (MTHFR) variant C677T and risk of all-cause and cardiovascular disease mortality among 6000 US adults,"Yang Q, Bailey L, Clarke R, Flanders WD, Liu T, Yesupriya A, Khoury MJ, Friedman JM.",Am J Clin Nutr. 2012 May;95(5):1245-53. doi: 10.3945/ajcn.111.022384. Epub 2012 Apr 4.,Yang Q,Am J Clin Nutr,2012,2012/04/12,,,10.3945/ajcn.111.022384
26865327,Hyperhomocysteinaemia is an independent risk factor of abdominal aortic aneurysm in a Chinese Han population,"Liu J, Zuo SW, Li Y, Jia X, Jia SH, Zhang T, Song YX, Wei YQ, Xiong J, Hu YH, Guo W.",Sci Rep. 2016 Feb 11;6:17966. doi: 10.1038/srep17966.,Liu J,Sci Rep,2016,2016/02/12,PMC4750057,,10.1038/srep17966
21845428,Evaluation of the MTHFR A1298C variant in leukoaraiosis,"Szolnoki Z, Szaniszlo I, Szekeres M, Hitri K, Kondacs A, Mandi Y, Nedo E, Somogyvari F.",J Mol Neurosci. 2012 Mar;46(3):492-6. doi: 10.1007/s12031-011-9621-4. Epub 2011 Aug 16.,Szolnoki Z,J Mol Neurosci,2012,2011/08/17,,,10.1007/s12031-011-9621-4
12097662,Vitamin B-12 status is inversely associated with plasma homocysteine in young women with C677T and/or A1298C methylenetetrahydrofolate reductase polymorphisms,"Bailey LB, Duhaney RL, Maneval DR, Kauwell GP, Quinlivan EP, Davis SR, Cuadras A, Hutson AD, Gregory JF 3rd.",J Nutr. 2002 Jul;132(7):1872-8. doi: 10.1093/jn/132.7.1872.,Bailey LB,J Nutr,2002,2002/07/05,,,10.1093/jn/132.7.1872
25550183,Elevation in Total Homocysteine Levels in Chinese Patients With Essential Hypertension Treated With Antihypertensive Benazepril,"Jiang S, Pan M, Wu S, Venners SA, Zhong G, Hsu YH, Weinstock J, Wang B, Tang G, Liu D, Xu X.",Clin Appl Thromb Hemost. 2016 Mar;22(2):191-8. doi: 10.1177/1076029614565881. Epub 2014 Dec 30.,Jiang S,Clin Appl Thromb Hemost,2016,2015/01/01,,,10.1177/1076029614565881
19034339,Synergistic effect of methyltetrahydrofolate reductase (MTHFR) C677T and A1298C polymorphism as risk modifiers of pediatric acute lymphoblastic leukemia,"Kamel AM, Moussa HS, Ebid GT, Bu RR, Bhatia KG.",J Egypt Natl Canc Inst. 2007 Jun;19(2):96-105.,Kamel AM,J Egypt Natl Canc Inst,2007,2008/11/27,,,
25412139,Association of C677T transition of the human methylenetetrahydrofolate reductase (MTHFR) gene with male infertility,"Karimian M, Colagar AH.",Reprod Fertil Dev. 2016 Apr;28(6):785-94. doi: 10.1071/RD14186.,Karimian M,Reprod Fertil Dev,2016,2014/11/21,,,10.1071/RD14186
25392189,Determinants of maternal pregnancy one-carbon metabolism and newborn human DNA methylation profiles,"van Mil NH, Bouwland-Both MI, Stolk L, Verbiest MM, Hofman A, Jaddoe VW, Verhulst FC, Eilers PH, Uitterlinden AG, Steegers EA, Tiemeier H, Steegers-Theunissen RP.",Reproduction. 2014 Dec;148(6):581-92. doi: 10.1530/REP-14-0260.,van Mil NH,Reproduction,2014,2014/11/14,,,10.1530/REP-14-0260
26745044,Evaluation of the MTHFR C677T Polymorphism as a Risk Factor for Colorectal Cancer in Asian Populations,Rai V.,Asian Pac J Cancer Prev. 2015;16(18):8093-100. doi: 10.7314/apjcp.2015.16.18.8093.,Rai V,Asian Pac J Cancer Prev,2015,2016/01/09,,,10.7314/apjcp.2015.16.18.8093
15916056,Methylenetetrahydrofolate reductase (MTHFR) polymorphism (C677T) in relation to homocysteine concentration in overweight and obese Thais,"Thawnashom K, Tungtrongchitr R, Petmitr S, Pongpaew P, Phonrat B, Tungtrongchitr A, Schelp FP.",Southeast Asian J Trop Med Public Health. 2005 Mar;36(2):459-66.,Thawnashom K,Southeast Asian J Trop Med Public Health,2005,2005/05/27,,,
18574671,Methylenetetrahydrofolate reductase (MTHFR) C677T genetic polymorphism and late infarct-related coronary artery patency after thrombolysis,"Patti G, Fossati C, Nusca A, Mega S, Pasceri V, D'Ambrosio A, Giannetti B, Annibali O, Avvisati G, Di Sciascio G.",J Thromb Thrombolysis. 2009 May;27(4):413-20. doi: 10.1007/s11239-008-0235-9. Epub 2008 Jun 25.,Patti G,J Thromb Thrombolysis,2009,2008/06/25,,,10.1007/s11239-008-0235-9
16641680,"Serum homocysteine, folate level and methylenetetrahydrofolate reductase 677, 1298 gene polymorphism in Korean schizophrenic patients","Lee YS, Han DH, Jeon CM, Lyoo IK, Na C, Chae SL, Cho SC.",Neuroreport. 2006 May 15;17(7):743-6. doi: 10.1097/01.wnr.0000215777.99473.52.,Lee YS,Neuroreport,2006,2006/04/28,,,10.1097/01.wnr.0000215777.99473.52
28887233,Methotrexate pharmacogenetics in Uruguayan adults with hematological malignant diseases,"Giletti A, Vital M, Lorenzo M, Cardozo P, Borelli G, Gabus R, Martínez L, Díaz L, Assar R, Rodriguez MN, Esperón P.",Eur J Pharm Sci. 2017 Nov 15;109:480-485. doi: 10.1016/j.ejps.2017.09.006. Epub 2017 Sep 5.,Giletti A,Eur J Pharm Sci,2017,2017/09/10,,,10.1016/j.ejps.2017.09.006
21625172,The basis of differential responses to folic acid supplementation,"Cotlarciuc I, Andrew T, Dew T, Clement G, Gill R, Surdulescu G, Sherwood R, Ahmadi KR.",J Nutrigenet Nutrigenomics. 2011;4(2):99-109. doi: 10.1159/000327768. Epub 2011 May 28.,Cotlarciuc I,J Nutrigenet Nutrigenomics,2011,2011/06/01,,,10.1159/000327768
15044114,Gene-nutrient and gene-gene interactions of controlled folate intake by Japanese women,"Hiraoka M, Kato K, Saito Y, Yasuda K, Kagawa Y.",Biochem Biophys Res Commun. 2004 Apr 16;316(4):1210-6. doi: 10.1016/j.bbrc.2004.02.174.,Hiraoka M,Biochem Biophys Res Commun,2004,2004/03/27,,,10.1016/j.bbrc.2004.02.174
21612398,Methylenetetrahydrofolate reductase C677T and A1298C polymorphisms and nonsyndromic orofacial clefts susceptibility in a southern Chinese population,"Han Y, Pan Y, Du Y, Tong N, Wang M, Zhang Z, Wan L, Wang L.",DNA Cell Biol. 2011 Dec;30(12):1063-8. doi: 10.1089/dna.2010.1185. Epub 2011 May 25.,Han Y,DNA Cell Biol,2011,2011/05/27,,,10.1089/dna.2010.1185
25529062,Distribution and determinants of plasma homocysteine levels in rural Chinese twins across the lifespan,"Ji Y, Kong X, Wang G, Hong X, Xu X, Chen Z, Bartell T, Xu X, Tang G, Hou F, Huo Y, Wang X, Wang B.",Nutrients. 2014 Dec 18;6(12):5900-14. doi: 10.3390/nu6125900.,Ji Y,Nutrients,2014,2014/12/23,PMC4277006,,10.3390/nu6125900
24274352,Green tea consumption and breast cancer risk in Japanese women: a case-control study,"Iwasaki M, Mizusawa J, Kasuga Y, Yokoyama S, Onuma H, Nishimura H, Kusama R, Tsugane S.",Nutr Cancer. 2014;66(1):57-67. doi: 10.1080/01635581.2014.847963. Epub 2013 Nov 25.,Iwasaki M,Nutr Cancer,2014,2013/11/27,,,10.1080/01635581.2014.847963
16686913,Metabolic and genetic risk factors for migraine in children,"Bottini F, Celle ME, Calevo MG, Amato S, Minniti G, Montaldi L, Di Pasquale D, Cerone R, Veneselli E, Molinari AC.",Cephalalgia. 2006 Jun;26(6):731-7. doi: 10.1111/j.1468-2982.2006.01107.x.,Bottini F,Cephalalgia,2006,2006/05/12,,,10.1111/j.1468-2982.2006.01107.x
22385294,Gender-specific association of methylenetetrahydrofolate reductase gene polymorphisms with sporadic amyotrophic lateral sclerosis,"Sazci A, Ozel MD, Emel E, Idrisoglu HA.",Genet Test Mol Biomarkers. 2012 Jul;16(7):716-21. doi: 10.1089/gtmb.2011.0313. Epub 2012 Mar 2.,Sazci A,Genet Test Mol Biomarkers,2012,2012/03/06,,,10.1089/gtmb.2011.0313
23456769,Response of serum and red blood cell folate concentrations to folic acid supplementation depends on methylenetetrahydrofolate reductase C677T genotype: results from a crossover trial,"Anderson CA, Beresford SA, McLerran D, Lampe JW, Deeb S, Feng Z, Motulsky AG.",Mol Nutr Food Res. 2013 Apr;57(4):637-44. doi: 10.1002/mnfr.201200108. Epub 2013 Mar 4.,Anderson CA,Mol Nutr Food Res,2013,2013/03/05,PMC4132693,NIHMS507741,10.1002/mnfr.201200108
24460828,"5,10-Methylenetetrahydrofolate reductase single nucleotide polymorphisms and gene-environment interaction analysis in non-syndromic cleft lip/palate","Estandia-Ortega B, Velázquez-Aragón JA, Alcántara-Ortigoza MA, Reyna-Fabian ME, Villagómez-Martínez S, González-Del Angel A.",Eur J Oral Sci. 2014 Apr;122(2):109-13. doi: 10.1111/eos.12114. Epub 2014 Jan 24.,Estandia-Ortega B,Eur J Oral Sci,2014,2014/01/28,,,10.1111/eos.12114
28211809,The Methylenetetrahydrofolate Reductase C677T Polymorphism and Risk for Late-Onset Alzheimer's disease: Further Evidence in an Italian Multicenter Study,"Stoccoro A, Tannorella P, Salluzzo MG, Ferri R, Romano C, Nacmias B, Siciliano G, Migliore L, Coppedè F.",J Alzheimers Dis. 2017;56(4):1451-1457. doi: 10.3233/JAD-161081.,Stoccoro A,J Alzheimers Dis,2017,2017/02/18,,,10.3233/JAD-161081
15985285,Influence of combined methylenetetrahydrofolate reductase (MTHFR) and thymidylate synthase enhancer region (TSER) polymorphisms to plasma homocysteine levels in Korean patients with recurrent spontaneous abortion,"Kim NK, Choi YK, Kang MS, Choi DH, Cha SH, An MO, Lee S, Jeung M, Ko JJ, Oh D.",Thromb Res. 2006;117(6):653-8. doi: 10.1016/j.thromres.2005.05.025. Epub 2005 Jun 27.,Kim NK,Thromb Res,2006,2005/06/30,,,10.1016/j.thromres.2005.05.025
12020105,"B-vitamin intake, metabolic genes, and colorectal cancer risk (United States)","Le Marchand L, Donlon T, Hankin JH, Kolonel LN, Wilkens LR, Seifried A.",Cancer Causes Control. 2002 Apr;13(3):239-48. doi: 10.1023/a:1015057614870.,Le Marchand L,Cancer Causes Control,2002,2002/05/22,,,10.1023/a:1015057614870
18165972,"No association with the 5,10-methylenetetrahydrofolate reductase gene and major depressive disorder: results of the depression case control (DeCC) study and a meta-analysis","Gaysina D, Cohen S, Craddock N, Farmer A, Hoda F, Korszun A, Owen MJ, Craig IW, McGuffin P.",Am J Med Genet B Neuropsychiatr Genet. 2008 Sep 5;147B(6):699-706. doi: 10.1002/ajmg.b.30665.,Gaysina D,Am J Med Genet B Neuropsychiatr Genet,2008,2008/01/01,,,10.1002/ajmg.b.30665
17333388,MTHFR 677 CT/MTHFR 1298 CC genotypes are associated with increased risk of hypertension in Indians,"Markan S, Sachdeva M, Sehrawat BS, Kumari S, Jain S, Khullar M.",Mol Cell Biochem. 2007 Aug;302(1-2):125-31. doi: 10.1007/s11010-007-9434-5. Epub 2007 Mar 1.,Markan S,Mol Cell Biochem,2007,2007/03/03,,,10.1007/s11010-007-9434-5
18708408,"Vitamins B2, B6, and B12 and risk of new colorectal adenomas in a randomized trial of aspirin use and folic acid supplementation","Figueiredo JC, Levine AJ, Grau MV, Midttun O, Ueland PM, Ahnen DJ, Barry EL, Tsang S, Munroe D, Ali I, Haile RW, Sandler RS, Baron JA.",Cancer Epidemiol Biomarkers Prev. 2008 Aug;17(8):2136-45. doi: 10.1158/1055-9965.EPI-07-2895.,Figueiredo JC,Cancer Epidemiol Biomarkers Prev,2008,2008/08/19,PMC2518404,NIHMS56152,10.1158/1055-9965.EPI-07-2895
16234842,The effect of MTHFR(C677T) genotype on plasma homocysteine concentrations in healthy children is influenced by gender,"Papoutsakis C, Yiannakouris N, Manios Y, Papaconstantinou E, Magkos F, Schulpis KH, Zampelas A, Matalas AL.",Eur J Clin Nutr. 2006 Feb;60(2):155-62. doi: 10.1038/sj.ejcn.1602280.,Papoutsakis C,Eur J Clin Nutr,2006,2005/10/20,,,10.1038/sj.ejcn.1602280
15002923,Serum total homocysteine levels and the prevalence of folic acid deficiency and C677T mutation at the MTHFR gene in an indigenous population of Amazonia: the relationship of homocysteine with other cardiovascular risk factors,"Tavares EF, Vieira-Filho JP, Andriolo A, Perez AB, Vergani N, Sañudo A, Gimeno SG, Franco LJ.",Ethn Dis. 2004 Winter;14(1):49-56.,Tavares EF,Ethn Dis,2004,2004/03/09,,,
15613145,MTHFR C677T gene mutation as a risk factor for arterial stroke: a hospital based study,"Alluri RV, Mohan V, Komandur S, Chawda K, Chaudhuri JR, Hasan Q.",Eur J Neurol. 2005 Jan;12(1):40-4. doi: 10.1111/j.1468-1331.2004.00938.x.,Alluri RV,Eur J Neurol,2005,2004/12/23,,,10.1111/j.1468-1331.2004.00938.x
12907815,"Elevated plasma homocysteine was associated with hemorrhagic and ischemic stroke, but methylenetetrahydrofolate reductase gene C677T polymorphism was a risk factor for thrombotic stroke: a Multicenter Case-Control Study in China","Li Z, Sun L, Zhang H, Liao Y, Wang D, Zhao B, Zhu Z, Zhao J, Ma A, Han Y, Wang Y, Shi Y, Ye J, Hui R; Multicenter Case-Control Study in China.",Stroke. 2003 Sep;34(9):2085-90. doi: 10.1161/01.STR.0000086753.00555.0D. Epub 2003 Aug 7.,Li Z,Stroke,2003,2003/08/09,,,10.1161/01.STR.0000086753.00555.0D
21385350,Hearing impairment risk and interaction of folate metabolism related gene polymorphisms in an aging study,"Uchida Y, Sugiura S, Ando F, Nakashima T, Shimokata H.",BMC Med Genet. 2011 Mar 7;12:35. doi: 10.1186/1471-2350-12-35.,Uchida Y,BMC Med Genet,2011,2011/03/10,PMC3063203,,10.1186/1471-2350-12-35
12571666,A comparison of the effect of advice to eat either '5-a-day' fruit and vegetables or folic acid-fortified foods on plasma folate and homocysteine,"Ashfield-Watt PA, Whiting JM, Clark ZE, Moat SJ, Newcombe RG, Burr ML, McDowell IF.",Eur J Clin Nutr. 2003 Feb;57(2):316-23. doi: 10.1038/sj.ejcn.1601545.,Ashfield-Watt PA,Eur J Clin Nutr,2003,2003/02/07,,,10.1038/sj.ejcn.1601545
15589218,Methylenetetrahydrofolate reductase polymorphism (MTHFR C677T) and bone mineral density in Chinese men and women,"Li M, Lau EM, Woo J.",Bone. 2004 Dec;35(6):1369-74. doi: 10.1016/j.bone.2004.09.008.,Li M,Bone,2004,2004/12/14,,,10.1016/j.bone.2004.09.008
15136061,"The 5,10-methylenetetrahydrofolate reductase C677T polymorphism interacts with smoking to increase homocysteine","Brown KS, Kluijtmans LA, Young IS, Murray L, McMaster D, Woodside JV, Yarnell JW, Boreham CA, McNulty H, Strain JJ, McPartlin J, Scott JM, Mitchell LE, Whitehead AS.",Atherosclerosis. 2004 Jun;174(2):315-22. doi: 10.1016/j.atherosclerosis.2004.01.023.,Brown KS,Atherosclerosis,2004,2004/05/12,,,10.1016/j.atherosclerosis.2004.01.023
26450530,Fetal Val108/158Met catechol-O-methyltransferase (COMT) polymorphism and placental COMT activity are associated with the development of preeclampsia,"Pertegal M, Fenoy FJ, Hernández M, Mendiola J, Delgado JL, Bonacasa B, Corno A, López B, Bosch V, Hernández I.",Fertil Steril. 2016 Jan;105(1):134-43.e1-3. doi: 10.1016/j.fertnstert.2015.09.019. Epub 2015 Oct 9.,Pertegal M,Fertil Steril,2016,2015/10/10,,,10.1016/j.fertnstert.2015.09.019
11228493,"Mutations in the gene for methylenetetrahydrofolate reductase, homocysteine levels, and vitamin status in women with a history of preeclampsia","Lachmeijer AM, Arngrímsson R, Bastiaans EJ, Pals G, ten Kate LP, de Vries JI, Kostense PJ, Aarnoudse JG, Dekker GA.",Am J Obstet Gynecol. 2001 Feb;184(3):394-402. doi: 10.1067/mob.2001.109393.,Lachmeijer AM,Am J Obstet Gynecol,2001,2001/03/03,,,10.1067/mob.2001.109393
16141796,The pharmacogenetics of methotrexate in inflammatory bowel disease,"Herrlinger KR, Cummings JR, Barnardo MC, Schwab M, Ahmad T, Jewell DP.",Pharmacogenet Genomics. 2005 Oct;15(10):705-11. doi: 10.1097/01.fpc.0000172242.19675.33.,Herrlinger KR,Pharmacogenet Genomics,2005,2005/09/06,,,10.1097/01.fpc.0000172242.19675.33
26991917,Effect of folic acid supplementation on cancer risk among adults with hypertension in China: A randomized clinical trial,"Qin X, Shen L, Zhang R, Li Y, Wang X, Wang B, Jiang X, Jiang H, Lei Y, Hou FF, Gu J, Huo Y.",Int J Cancer. 2017 Aug 15;141(4):837-847. doi: 10.1002/ijc.30094. Epub 2017 Jun 5.,Qin X,Int J Cancer,2017,2016/03/19,,,10.1002/ijc.30094
19594372,MTHFR C677T genotype frequency in patients of Middle Eastern descent as determined by real-time PCR and melting curve analysis,"Haghighatgoo A, Valles-Ayoub Y, Saechao C, Esfandiarifard S, Martinez SL, Pietruszka M, Darvish D.",Genet Test Mol Biomarkers. 2009 Aug;13(4):471-6. doi: 10.1089/gtmb.2009.0008.,Haghighatgoo A,Genet Test Mol Biomarkers,2009,2009/07/15,,,10.1089/gtmb.2009.0008
17027242,Circulating homocysteine levels in patients with type 2 diabetes mellitus,"Ndrepepa G, Kastrati A, Braun S, Koch W, Kölling K, Mehilli J, Schömig A.",Nutr Metab Cardiovasc Dis. 2008 Jan;18(1):66-73. doi: 10.1016/j.numecd.2006.03.007. Epub 2006 Oct 5.,Ndrepepa G,Nutr Metab Cardiovasc Dis,2008,2006/10/10,,,10.1016/j.numecd.2006.03.007
16524711,Additional food folate derived exclusively from natural sources improves folate status in young women with the MTHFR 677 CC or TT genotype,"Hung J, Yang TL, Urrutia TF, Li R, Perry CA, Hata H, Cogger EA, Moriarty DJ, Caudill MA.",J Nutr Biochem. 2006 Nov;17(11):728-34. doi: 10.1016/j.jnutbio.2005.11.009. Epub 2005 Dec 22.,Hung J,J Nutr Biochem,2006,2006/03/10,,,10.1016/j.jnutbio.2005.11.009
23643559,Plasma total homocysteine is associated with abdominal aortic aneurysm and aortic diameter in older men,"Wong YY, Golledge J, Flicker L, McCaul KA, Hankey GJ, van Bockxmeer FM, Yeap BB, Norman PE.",J Vasc Surg. 2013 Aug;58(2):364-70. doi: 10.1016/j.jvs.2013.01.046. Epub 2013 May 3.,Wong YY,J Vasc Surg,2013,2013/05/07,,,10.1016/j.jvs.2013.01.046
14607573,C677T methylenetetrahydrofolate reductase polymorphism interferes with the effects of folic acid and zinc sulfate on sperm concentration,"Ebisch IM, van Heerde WL, Thomas CM, van der Put N, Wong WY, Steegers-Theunissen RP.",Fertil Steril. 2003 Nov;80(5):1190-4. doi: 10.1016/s0015-0282(03)02157-5.,Ebisch IM,Fertil Steril,2003,2003/11/11,,,10.1016/s0015-0282(03)02157-5
26687138,Association of Methylenetetrahydrafolate Reductase Gene Polymorphism (MTHFR) in Patients with Gallbladder Cancer,"Dixit R, Singh G, Pandey M, Basu S, Bhartiya SK, Singh KK, Shukla VK.",J Gastrointest Cancer. 2016 Mar;47(1):55-60. doi: 10.1007/s12029-015-9794-0.,Dixit R,J Gastrointest Cancer,2016,2015/12/22,,,10.1007/s12029-015-9794-0
21406306,Evaluation of MTHFR C677T polymorphism in ischemic and hemorrhagic stroke patients. A case-control study in a Northern Indian population,"Somarajan BI, Kalita J, Mittal B, Misra UK.",J Neurol Sci. 2011 May 15;304(1-2):67-70. doi: 10.1016/j.jns.2011.02.010. Epub 2011 Mar 15.,Somarajan BI,J Neurol Sci,2011,2011/03/17,,,10.1016/j.jns.2011.02.010
12453860,Preponderance of methylenetetrahydrofolate reductase C677T homozygosity among leukemia patients intolerant to methotrexate,"Chiusolo P, Reddiconto G, Casorelli I, Laurenti L, Sorà F, Mele L, Annino L, Leone G, Sica S.",Ann Oncol. 2002 Dec;13(12):1915-8. doi: 10.1093/annonc/mdf322.,Chiusolo P,Ann Oncol,2002,2002/11/28,,,10.1093/annonc/mdf322
18200034,Effect of ACE inhibitors and beta-blockers on homocysteine levels in essential hypertension,"Poduri A, Kaur J, Thakur JS, Kumari S, Jain S, Khullar M.",J Hum Hypertens. 2008 Apr;22(4):289-94. doi: 10.1038/sj.jhh.1002325. Epub 2008 Jan 17.,Poduri A,J Hum Hypertens,2008,2008/01/18,,,10.1038/sj.jhh.1002325
15244514,Polymorphisms in thymidylate synthase and methylenetetrahydrofolate reductase genes and the susceptibility to esophageal and stomach cancer with smoking,"Gao CM, Takezaki T, Wu JZ, Liu YT, Ding JH, Li SP, Su P, Hu X, Kai HT, Li ZY, Matsuo K, Hamajima N, Sugimura H, Tajima K.",Asian Pac J Cancer Prev. 2004 Apr-Jun;5(2):133-8.,Gao CM,Asian Pac J Cancer Prev,2004,2004/07/13,,,
30401001,Effect of long-term low-dose folic acid supplementation on degree of total homocysteine-lowering: major effect modifiers,"Wang B, Wu H, Li Y, Ban Q, Huang X, Chen L, Li J, Zhang Y, Cui Y, He M, Tang G, Yin D, Li J, Huo Y, Qin X, Xu X.",Br J Nutr. 2018 Nov;120(10):1122-1130. doi: 10.1017/S0007114518002477.,Wang B,Br J Nutr,2018,2018/11/08,,,10.1017/S0007114518002477
22084937,Modulator effects of the methylenetetrahydrofolate reductase C677T polymorphism on response to vitamin B12 therapy and homocysteine metabolism,"Sensoy N, Şoysal Y, Kahraman A, Doğan N, Imirzalioğlu N.",DNA Cell Biol. 2012 May;31(5):820-5. doi: 10.1089/dna.2011.1422. Epub 2011 Nov 15.,Sensoy N,DNA Cell Biol,2012,2011/11/17,,,10.1089/dna.2011.1422
21613384,Methylenetetrahydrofolate reductase (MTHFR) polymorphism A1298C (Glu429Ala) predicts decline in renal function over time in the African-American Study of Kidney Disease and Hypertension (AASK) Trial and Veterans Affairs Hypertension Cohort (VAHC),"Fung MM, Salem RM, Lipkowitz MS, Bhatnagar V, Pandey B, Schork NJ, O'Connor DT; AASK Study Investigators.",Nephrol Dial Transplant. 2012 Jan;27(1):197-205. doi: 10.1093/ndt/gfr257. Epub 2011 May 25.,Fung MM,Nephrol Dial Transplant,2012,2011/05/27,PMC3350339,,10.1093/ndt/gfr257
15449187,Methylenetetrahydrofolate reductase C677T polymorphism and predisposition towards esophageal squamous cell carcinoma in a German Caucasian and a northern Chinese population,"Zhang J, Zotz RB, Li Y, Wang R, Kiel S, Schulz WA, Wen D, Chen Z, Zhang L, Wang S, Gabbert HE, Sarbia M.",J Cancer Res Clin Oncol. 2004 Oct;130(10):574-80. doi: 10.1007/s00432-004-0585-4. Epub 2004 Jul 29.,Zhang J,J Cancer Res Clin Oncol,2004,2004/09/28,PMC12161787,,10.1007/s00432-004-0585-4
17156840,MTHFR 677CC/1298CC genotypes are highly associated with chronic myelogenous leukemia: a case-control study in Korea,"Moon HW, Kim TY, Oh BR, Min HC, Cho HI, Bang SM, Lee JH, Yoon SS, Lee DS.",Leuk Res. 2007 Sep;31(9):1213-7. doi: 10.1016/j.leukres.2006.10.016. Epub 2006 Dec 6.,Moon HW,Leuk Res,2007,2006/12/13,,,10.1016/j.leukres.2006.10.016
35060542,"Effects of individualized administration of folic acid on prothrombotic state and vascular endothelial function with H-type hypertension: A double-blinded, randomized clinical cohort study","Zhang S, Wang T, Wang H, Tang J, Hou A, Yan X, Yu B, Ran S, Luo M, Tang Y, Yang R, Song D, He H.",Medicine (Baltimore). 2022 Jan 21;101(3):e28628. doi: 10.1097/MD.0000000000028628.,Zhang S,Medicine (Baltimore),2022,2022/01/21,PMC8772678,,10.1097/MD.0000000000028628
17454207,Polycystic ovary syndrome and the single nucleotide polymorphisms of methylenetetrahydrofolate reductase: a pilot observational study,"Palep-Singh M, Picton HM, Yates ZR, Barth J, Balen AH.",Hum Fertil (Camb). 2007 Mar;10(1):33-41. doi: 10.1080/14647270600950157.,Palep-Singh M,Hum Fertil (Camb),2007,2007/04/25,,,10.1080/14647270600950157
11584084,Polymorphisms of key enzymes in homocysteine metabolism affect diet responsiveness of plasma homocysteine in healthy women,"Silaste ML, Rantala M, Sämpi M, Alfthan G, Aro A, Kesäniemi YA.",J Nutr. 2001 Oct;131(10):2643-7. doi: 10.1093/jn/131.10.2643.,Silaste ML,J Nutr,2001,2001/10/05,,,10.1093/jn/131.10.2643
24711158,Effects of Italian Mediterranean organic diet vs. low-protein diet in nephropathic patients according to MTHFR genotypes,"Di Daniele N, Di Renzo L, Noce A, Iacopino L, Ferraro PM, Rizzo M, Sarlo F, Domino E, De Lorenzo A.",J Nephrol. 2014 Oct;27(5):529-36. doi: 10.1007/s40620-014-0067-y. Epub 2014 Apr 8.,Di Daniele N,J Nephrol,2014,2014/04/09,,,10.1007/s40620-014-0067-y
12730409,Methylenetetrahydrofolate reductase 677C-->T variant modulates folate status response to controlled folate intakes in young women,"Guinotte CL, Burns MG, Axume JA, Hata H, Urrutia TF, Alamilla A, McCabe D, Singgih A, Cogger EA, Caudill MA.",J Nutr. 2003 May;133(5):1272-80. doi: 10.1093/jn/133.5.1272.,Guinotte CL,J Nutr,2003,2003/05/06,,,10.1093/jn/133.5.1272
23803097,The methylenetetrahydrofolate reductase C677T polymorphism influences risk of esophageal cancer in Chinese,"Qu HH, Cui LH, Wang K, Wang P, Song CH, Wang KJ, Zhang JY, Dai LP.",Asian Pac J Cancer Prev. 2013;14(5):3163-8. doi: 10.7314/apjcp.2013.14.5.3163.,Qu HH,Asian Pac J Cancer Prev,2013,2013/06/28,,,10.7314/apjcp.2013.14.5.3163
17900242,Methylenetetrahydrofolate reductase C677T polymorphism and liver fibrosis progression in patients with recurrent hepatitis C,"Toniutto P, Fabris C, Falleti E, Cussigh A, Fontanini E, Bitetto D, Fornasiere E, Minisini R, De Feo T, Marangoni F, Pirisi M.",Liver Int. 2008 Feb;28(2):257-63. doi: 10.1111/j.1478-3231.2007.01591.x. Epub 2007 Sep 26.,Toniutto P,Liver Int,2008,2007/09/29,,,10.1111/j.1478-3231.2007.01591.x
24083702,Allele and genotype frequencies of the polymorphic methylenetetrahydrofolate reductase and colorectal cancer among Jordanian population,"Yousef AM, Shomaf M, Berger S, Ababneh N, Bobali Y, Ali D, Al-Hasan S, Diab O, Ismail S.",Asian Pac J Cancer Prev. 2013;14(8):4559-65. doi: 10.7314/apjcp.2013.14.8.4559.,Yousef AM,Asian Pac J Cancer Prev,2013,2013/10/03,,,10.7314/apjcp.2013.14.8.4559
15582752,"Contribution of the MTHFR gene to the causal pathway for depression, anxiety and cognitive impairment in later life","Almeida OP, Flicker L, Lautenschlager NT, Leedman P, Vasikaran S, van Bockxmeer FM.",Neurobiol Aging. 2005 Feb;26(2):251-7. doi: 10.1016/j.neurobiolaging.2004.03.007.,Almeida OP,Neurobiol Aging,2005,2004/12/08,,,10.1016/j.neurobiolaging.2004.03.007
15952099,"Prevalence of hyperhomocysteinemia in adult gluten-sensitive enteropathy at diagnosis: role of B12, folate, and genetics","Saibeni S, Lecchi A, Meucci G, Cattaneo M, Tagliabue L, Rondonotti E, Formenti S, De Franchis R, Vecchi M.",Clin Gastroenterol Hepatol. 2005 Jun;3(6):574-80. doi: 10.1016/s1542-3565(05)00022-4.,Saibeni S,Clin Gastroenterol Hepatol,2005,2005/06/14,,,10.1016/s1542-3565(05)00022-4
20831652,Methylenetetrahydrofolate reductase C677T polymorphism in patients with Henoch-Schönlein purpura,"Emre S, Sirin A, Ergen A, Bilge I, Sucu A, Yilmaz A, Isbir T.",Pediatr Int. 2011 Jun;53(3):358-62. doi: 10.1111/j.1442-200X.2010.03247.x.,Emre S,Pediatr Int,2011,2010/09/14,,,10.1111/j.1442-200X.2010.03247.x
17389614,Folate-related genes and the risk of tobacco-related cancers in Central Europe,"Hung RJ, Hashibe M, McKay J, Gaborieau V, Szeszenia-Dabrowska N, Zaridze D, Lissowska J, Rudnai P, Fabianova E, Mates I, Foretova L, Janout V, Bencko V, Chabrier A, Moullan N, Canzian F, Hall J, Boffetta P, Brennan P.",Carcinogenesis. 2007 Jun;28(6):1334-40. doi: 10.1093/carcin/bgm067. Epub 2007 Mar 26.,Hung RJ,Carcinogenesis,2007,2007/03/29,,,10.1093/carcin/bgm067
21869730,Effect of folic acid intervention on the change of serum folate level in hypertensive Chinese adults: do methylenetetrahydrofolate reductase and methionine synthase gene polymorphisms affect therapeutic responses?,"Qin X, Li J, Cui Y, Liu Z, Zhao Z, Ge J, Guan D, Hu J, Wang Y, Zhang F, Xu X, Wang X, Xu X, Huo Y.",Pharmacogenet Genomics. 2012 Jun;22(6):421-8. doi: 10.1097/FPC.0b013e32834ac5e8.,Qin X,Pharmacogenet Genomics,2012,2011/08/27,,,10.1097/FPC.0b013e32834ac5e8
12001978,Nutritional advice to increase soluble fibre intake does not change plasma folate or homocysteine in men with angina: a randomised controlled trial,"Ashfield-Watt PA, Clark ZE, Breay P, Zotos PC, Cale SB, Burr ML, McDowell IF.",Public Health Nutr. 2002 Feb;5(1):47-53. doi: 10.1079/PHN2001250.,Ashfield-Watt PA,Public Health Nutr,2002,2002/05/11,,,10.1079/PHN2001250
20220206,Choline intake exceeding current dietary recommendations preserves markers of cellular methylation in a genetic subgroup of folate-compromised men,"Shin W, Yan J, Abratte CM, Vermeylen F, Caudill MA.",J Nutr. 2010 May;140(5):975-80. doi: 10.3945/jn.110.121186. Epub 2010 Mar 10.,Shin W,J Nutr,2010,2010/03/12,PMC2855263,,10.3945/jn.110.121186
17967524,Association between polymorphisms of folate-metabolizing enzymes and risk of prostate cancer,"Marchal C, Redondo M, Reyes-Engel A, Perea-Milla E, Gaitan MJ, Machuca J, Diaz F, Caballero J, Carnero J.",Eur J Surg Oncol. 2008 Jul;34(7):805-10. doi: 10.1016/j.ejso.2007.09.008. Epub 2007 Oct 29.,Marchal C,Eur J Surg Oncol,2008,2007/10/31,,,10.1016/j.ejso.2007.09.008
16365871,Migraine and MTHFR C677T genotype in a population-based sample,"Scher AI, Terwindt GM, Verschuren WM, Kruit MC, Blom HJ, Kowa H, Frants RR, van den Maagdenberg AM, van Buchem M, Ferrari MD, Launer LJ.",Ann Neurol. 2006 Feb;59(2):372-5. doi: 10.1002/ana.20755.,Scher AI,Ann Neurol,2006,2005/12/21,,,10.1002/ana.20755
26630680,Methyltetrahydrofolate vs Folic Acid Supplementation in Idiopathic Recurrent Miscarriage with Respect to Methylenetetrahydrofolate Reductase C677T and A1298C Polymorphisms: A Randomized Controlled Trial,"Hekmatdoost A, Vahid F, Yari Z, Sadeghi M, Eini-Zinab H, Lakpour N, Arefi S.",PLoS One. 2015 Dec 2;10(12):e0143569. doi: 10.1371/journal.pone.0143569. eCollection 2015.,Hekmatdoost A,PLoS One,2015,2015/12/03,PMC4668025,,10.1371/journal.pone.0143569
16802358,Homocysteine levels and disease duration independently correlate with coronary artery calcification in patients with systemic lupus erythematosus,"Von Feldt JM, Scalzi LV, Cucchiara AJ, Morthala S, Kealey C, Flagg SD, Genin A, Van Dyke AL, Nackos E, Chander A, Gehrie E, Cron RQ, Whitehead AS.",Arthritis Rheum. 2006 Jul;54(7):2220-7. doi: 10.1002/art.21967.,Von Feldt JM,Arthritis Rheum,2006,2006/06/28,,,10.1002/art.21967
23856660,"Influence of nitrous oxide anesthesia, B-vitamins, and MTHFR gene polymorphisms on perioperative cardiac events: the vitamins in nitrous oxide (VINO) randomized trial","Nagele P, Brown F, Francis A, Scott MG, Gage BF, Miller JP; VINO Study Team.",Anesthesiology. 2013 Jul;119(1):19-28. doi: 10.1097/ALN.0b013e31829761e3.,Nagele P,Anesthesiology,2013,2013/07/17,PMC3919550,NIHMS538248,10.1097/ALN.0b013e31829761e3
27384413,Maternal gene-micronutrient interactions related to one-carbon metabolism and the risk of myelomeningocele among offspring,"Nguyen MP, Lupo PJ, Northrup H, Morrison AC, Cirino PT, Au KS.",Birth Defects Res. 2017 Jan 30;109(2):99-105. doi: 10.1002/bdra.23538.,Nguyen MP,Birth Defects Res,2017,2016/07/08,PMC5250578,NIHMS842169,10.1002/bdra.23538
15548759,Folate levels determine effect of antioxidant supplementation on micronuclei in subjects with cardiovascular risk,"Smolková B, Dusinská M, Raslová K, Barancoková M, Kazimírová A, Horská A, Spustová V, Collins A.",Mutagenesis. 2004 Nov;19(6):469-76. doi: 10.1093/mutage/geh059.,Smolková B,Mutagenesis,2004,2004/11/19,,,10.1093/mutage/geh059
14994919,"MTHFR C677T mutation, factor II G20210A mutation and factor V Leiden as risks factor for youth retinal vein occlusion","Cruciani F, Moramarco A, Curto T, Labate A, Recupero V, Conti L, Gandolfo GM, Balacco Gabrieli C.",Clin Ter. 2003 Sep-Oct;154(5):299-303.,Cruciani F,Clin Ter,2003,2004/03/05,,,
16936384,Methylenetetrahydrofolate reductase gene polymorphism in Indian stroke patients,"Kalita J, Srivastava R, Bansal V, Agarwal S, Misra UK.",Neurol India. 2006 Sep;54(3):260-3. doi: 10.4103/0028-3886.27148.,Kalita J,Neurol India,2006,2006/08/29,,,10.4103/0028-3886.27148
31440871,"Association of plasma homocysteine level with vaso-occlusive crisis in sickle cell anemia patients of Odisha, India","Meher S, Patel S, Das K, Dehury S, Jit BP, Maske MM, Das P, Dash BP, Mohanty PK.",Ann Hematol. 2019 Oct;98(10):2257-2265. doi: 10.1007/s00277-019-03776-x. Epub 2019 Aug 22.,Meher S,Ann Hematol,2019,2019/08/24,,,10.1007/s00277-019-03776-x
16365753,Methylenetetrahydrofolate reductase polymorphism and minor increase of risk for oral cancer,"Vairaktaris E, Yapijakis C, Kessler P, Vylliotis A, Ries J, Wiltfang J, Vassiliou S, Derka S, Neukam FW.",J Cancer Res Clin Oncol. 2006 Apr;132(4):219-22. doi: 10.1007/s00432-005-0065-5. Epub 2005 Dec 20.,Vairaktaris E,J Cancer Res Clin Oncol,2006,2005/12/21,PMC12161061,,10.1007/s00432-005-0065-5
20721969,Polymorphisms of methylenetetrahydrofolate reductase are associated with a high risk of nasopharyngeal carcinoma in a smoking population from Southern China,"Cao Y, Miao XP, Huang MY, Deng L, Liang XM, Lin DX, Zeng YX, Shao JY.",Mol Carcinog. 2010 Nov;49(11):928-34. doi: 10.1002/mc.20669.,Cao Y,Mol Carcinog,2010,2010/08/20,,,10.1002/mc.20669
20669348,Effect of enalapril on plasma homocysteine levels in patients with essential hypertension,"Fan FF, Huo Y, Wang X, Xu X, Wang BY, Xu XP, Li JP.",J Zhejiang Univ Sci B. 2010 Aug;11(8):583-91. doi: 10.1631/jzus.B1001003.,Fan FF,J Zhejiang Univ Sci B,2010,2010/07/30,PMC2916091,,10.1631/jzus.B1001003
15073633,"C677T polymorphism of the MTHFR gene and variant hemoglobins: a study in newborns from Salvador, Bahia, Brazil","Couto FD, Adorno EV, Menezes JF, Moura Neto JP, Rêgo MA, Reis MG, Gonçalves MS.",Cad Saude Publica. 2004 Mar-Apr;20(2):529-33. doi: 10.1590/s0102-311x2004000200021. Epub 2004 Apr 6.,Couto FD,Cad Saude Publica,2004,2004/04/10,,,10.1590/s0102-311x2004000200021
29685716,Homocysteine and Incident Atrial Fibrillation: The Atherosclerosis Risk in Communities Study and the Multi-Ethnic Study of Atherosclerosis,"Kubota Y, Alonso A, Heckbert SR, Norby FL, Folsom AR.",Heart Lung Circ. 2019 Apr;28(4):615-622. doi: 10.1016/j.hlc.2018.03.007. Epub 2018 Mar 21.,Kubota Y,Heart Lung Circ,2019,2018/04/25,PMC6150836,NIHMS953513,10.1016/j.hlc.2018.03.007
18234410,Evaluation of the relationship between C677T variants of methylenetetrahydrofolate reductase gene and hyperhomocysteinemia in children receiving antiepileptic drug therapy,"Vurucu S, Demirkaya E, Kul M, Unay B, Gul D, Akin R, Gokçay E.",Prog Neuropsychopharmacol Biol Psychiatry. 2008 Apr 1;32(3):844-8. doi: 10.1016/j.pnpbp.2007.12.018. Epub 2008 Jan 29.,Vurucu S,Prog Neuropsychopharmacol Biol Psychiatry,2008,2008/02/01,,,10.1016/j.pnpbp.2007.12.018
25921104,Allele and Genotype Frequencies of the Polymorphic Methylenetetrahydrofolate Reductase and Lung Cancer in ther Jordanian Population: a Case Control Study,"Al-Motassem Y, Shomaf M, Said I, Berger S, Ababneh N, Diab O, Obeidat N, Awidi A.",Asian Pac J Cancer Prev. 2015;16(8):3101-9. doi: 10.7314/apjcp.2015.16.8.3101.,Al-Motassem Y,Asian Pac J Cancer Prev,2015,2015/04/30,,,10.7314/apjcp.2015.16.8.3101
10916110,Hyperhomocysteinemia in hemodialysis patients: effects of 12-month supplementation with hydrosoluble vitamins,"Tremblay R, Bonnardeaux A, Geadah D, Busque L, Lebrun M, Ouimet D, Leblanc M.",Kidney Int. 2000 Aug;58(2):851-8. doi: 10.1046/j.1523-1755.2000.00234.x.,Tremblay R,Kidney Int,2000,2000/08/01,,,10.1046/j.1523-1755.2000.00234.x
16055253,Homocysteinemia as well as methylenetetrahydrofolate reductase polymorphism are associated with affective psychoses,"Reif A, Pfuhlmann B, Lesch KP.",Prog Neuropsychopharmacol Biol Psychiatry. 2005 Sep;29(7):1162-8. doi: 10.1016/j.pnpbp.2005.06.027.,Reif A,Prog Neuropsychopharmacol Biol Psychiatry,2005,2005/08/02,,,10.1016/j.pnpbp.2005.06.027
19307503,Randomized phase II and pharmacogenetic study of pemetrexed compared with pemetrexed plus carboplatin in pretreated patients with advanced non-small-cell lung cancer,"Smit EF, Burgers SA, Biesma B, Smit HJ, Eppinga P, Dingemans AM, Joerger M, Schellens JH, Vincent A, van Zandwijk N, Groen HJ.",J Clin Oncol. 2009 Apr 20;27(12):2038-45. doi: 10.1200/JCO.2008.19.1650. Epub 2009 Mar 23.,Smit EF,J Clin Oncol,2009,2009/03/25,,,10.1200/JCO.2008.19.1650
20417243,"Breast cancer risk, dietary intake, and methylenetetrahydrofolate reductase (MTHFR)single nucleotide polymorphisms",Alshatwi AA.,Food Chem Toxicol. 2010 Jul;48(7):1881-5. doi: 10.1016/j.fct.2010.04.028. Epub 2010 Apr 22.,Alshatwi AA,Food Chem Toxicol,2010,2010/04/27,,,10.1016/j.fct.2010.04.028
22108397,Comparison of the frequency of the methylenetetrahydrofolate reductase (MTHFR) C677T polymorphism in depressed versus nondepressed patients,"Lizer MH, Bogdan RL, Kidd RS.",J Psychiatr Pract. 2011 Nov;17(6):404-9. doi: 10.1097/01.pra.0000407963.26981.a6.,Lizer MH,J Psychiatr Pract,2011,2011/11/24,,,10.1097/01.pra.0000407963.26981.a6
15342443,"Associations between two common variants C677T and A1298C in the methylenetetrahydrofolate reductase gene and measures of folate metabolism and DNA stability (strand breaks, misincorporated uracil, and DNA methylation status) in human lymphocytes in vivo","Narayanan S, McConnell J, Little J, Sharp L, Piyathilake CJ, Powers H, Basten G, Duthie SJ.",Cancer Epidemiol Biomarkers Prev. 2004 Sep;13(9):1436-43.,Narayanan S,Cancer Epidemiol Biomarkers Prev,2004,2004/09/03,,,
19515015,High plasma homocysteine levels contribute to the risk of stroke recurrence and all-cause mortality in a large prospective stroke population,"Zhang W, Sun K, Chen J, Liao Y, Qin Q, Ma A, Wang D, Zhu Z, Wang Y, Hui R.",Clin Sci (Lond). 2009 Oct 26;118(3):187-94. doi: 10.1042/CS20090142.,Zhang W,Clin Sci (Lond),2009,2009/06/12,,,10.1042/CS20090142
16076517,Further evidence that hyperhomocysteinemia and methylenetetrahydrofolate reductase C677T and A1289C polymorphisms are not risk factors for schizophrenia,"Vilella E, Virgos C, Murphy M, Martorell L, Valero J, Simó JM, Joven J, Fernández-Ballart J, Labad A.",Prog Neuropsychopharmacol Biol Psychiatry. 2005 Sep;29(7):1169-74. doi: 10.1016/j.pnpbp.2005.07.001.,Vilella E,Prog Neuropsychopharmacol Biol Psychiatry,2005,2005/08/04,,,10.1016/j.pnpbp.2005.07.001
17574929,"Coronary reactivity, homocysteine and methylenetetrahydrofolate reductase gene variation in young men during pravastatin therapy","Nieminen T, Knuuti J, Hämelahti P, Kähönen M, Laaksonen R, Janatuinen T, Vesalainen R, Nuutila P, Jokela H, Lehtimäki T.",Vascul Pharmacol. 2007 Aug-Sep;47(2-3):113-7. doi: 10.1016/j.vph.2007.05.001. Epub 2007 May 13.,Nieminen T,Vascul Pharmacol,2007,2007/06/19,,,10.1016/j.vph.2007.05.001
15046559,Effect of C677T methylenetetrahydrofolate reductase gene polymorphism on plasma homocysteine levels in ethnic groups,"Gasparovic J, Raslová K, Basistová Z, Zacharová M, Wsólová L, Avdicová M, Blazícek P, Lietava J, Siváková D.",Physiol Res. 2004;53(2):215-8.,Gasparovic J,Physiol Res,2004,2004/03/30,,,
22889494,Pharmacogenetic study of patients with advanced non-small cell lung cancer (NSCLC) treated with second-line pemetrexed or pemetrexed-carboplatin,"Tiseo M, Giovannetti E, Tibaldi C, Camerini A, Di Costanzo F, Barbieri F, Burgers JA, Vincent A, Peters GJ, Smit EF, Ardizzoni A.",Lung Cancer. 2012 Oct;78(1):92-9. doi: 10.1016/j.lungcan.2012.07.009. Epub 2012 Aug 11.,Tiseo M,Lung Cancer,2012,2012/08/15,,,10.1016/j.lungcan.2012.07.009
15154859,MTHFR T677 homozygosis influences the presence of aura in migraineurs,"Oterino A, Valle N, Bravo Y, Muñoz P, Sánchez-Velasco P, Ruiz-Alegría C, Castillo J, Leyva-Cobián F, Vadillo A, Pascual J.",Cephalalgia. 2004 Jun;24(6):491-4. doi: 10.1111/j.1468-2982.2004.00692.x.,Oterino A,Cephalalgia,2004,2004/05/25,,,10.1111/j.1468-2982.2004.00692.x
12614926,"Hypertrophy of IMC of carotid artery in Parkinson's disease is associated with L-DOPA, homocysteine, and MTHFR genotype","Nakaso K, Yasui K, Kowa H, Kusumi M, Ueda K, Yoshimoto Y, Takeshima T, Sasaki K, Nakashima K.",J Neurol Sci. 2003 Mar 15;207(1-2):19-23. doi: 10.1016/s0022-510x(02)00353-2.,Nakaso K,J Neurol Sci,2003,2003/03/05,,,10.1016/s0022-510x(02)00353-2
27409003,G80A Single Nucleotide Polymorphism in Reduced Folate Carrier-1 Gene in a Mexican Population and its Impact on Survival in Patients with Acute Lymphoblastic Leukemia,"Candelaria M, Ojeda J, Gutiérrez-Hernández O, Taja-Chayeb L, Vidal-Millán S, Dueñas-González A.",Rev Invest Clin. 2016 May-Jun;68(3):154-62.,Candelaria M,Rev Invest Clin,2016,2016/07/14,,,
21966393,No effect of folic acid supplementation on global DNA methylation in men and women with moderately elevated homocysteine,"Jung AY, Smulders Y, Verhoef P, Kok FJ, Blom H, Kok RM, Kampman E, Durga J.",PLoS One. 2011;6(9):e24976. doi: 10.1371/journal.pone.0024976. Epub 2011 Sep 23.,Jung AY,PLoS One,2011,2011/10/04,PMC3179474,,10.1371/journal.pone.0024976
12612987,The methylentetrahydrofolate reductase C677T point mutation is a risk factor for vascular access thrombosis in hemodialysis patients,"Fukasawa M, Matsushita K, Kamiyama M, Mikami Y, Araki I, Yamagata Z, Takeda M.",Am J Kidney Dis. 2003 Mar;41(3):637-42. doi: 10.1053/ajkd.2003.50125.,Fukasawa M,Am J Kidney Dis,2003,2003/03/04,,,10.1053/ajkd.2003.50125
15126006,Genetic polymorphism of methylenetetrahydrofolate reductase as a risk factor for diabetic nephropathy in Chinese type 2 diabetic patients,"Sun J, Xu Y, Zhu Y, Lu H.",Diabetes Res Clin Pract. 2004 Jun;64(3):185-90. doi: 10.1016/j.diabres.2003.10.022.,Sun J,Diabetes Res Clin Pract,2004,2004/05/06,,,10.1016/j.diabres.2003.10.022
17114913,"Methylenetetrahydrofolate reductase gene polymorphism, homocysteine and risk of macroangiopathy in Type 2 diabetes mellitus","Sun J, Xu Y, Zhu Y, Lu H.",J Endocrinol Invest. 2006 Oct;29(9):814-20. doi: 10.1007/BF03347376.,Sun J,J Endocrinol Invest,2006,2006/11/23,,,10.1007/BF03347376
16564429,Genetic investigation of methylenetetrahydrofolate reductase (MTHFR) and catechol-O-methyl transferase (COMT) in multiple sclerosis,"Tajouri L, Martin V, Gasparini C, Ovcaric M, Curtain R, Lea RA, Haupt LM, Csurhes P, Pender MP, Griffiths LR.",Brain Res Bull. 2006 Apr 14;69(3):327-31. doi: 10.1016/j.brainresbull.2006.01.005. Epub 2006 Jan 24.,Tajouri L,Brain Res Bull,2006,2006/03/28,,,10.1016/j.brainresbull.2006.01.005
12182910,Hyperhomocysteinemia and venous thromboembolism: a risk factor more prevalent in the elderly and in idiopathic cases,"Hainaut P, Jaumotte C, Verhelst D, Wallemacq P, Gala JL, Lavenne E, Heusterspreute M, Zech F, Moriau M.",Thromb Res. 2002 Apr 15;106(2):121-5. doi: 10.1016/s0049-3848(02)00096-8.,Hainaut P,Thromb Res,2002,2002/08/17,,,10.1016/s0049-3848(02)00096-8
11710708,The C677T mutation in the methylenetetrahydrofolate reductase gene: a genetic risk factor for methotrexate-related elevation of liver enzymes in rheumatoid arthritis patients,"van Ede AE, Laan RF, Blom HJ, Huizinga TW, Haagsma CJ, Giesendorf BA, de Boo TM, van de Putte LB.",Arthritis Rheum. 2001 Nov;44(11):2525-30. doi: 10.1002/1529-0131(200111)44:11<2525::aid-art432>3.0.co;2-b.,van Ede AE,Arthritis Rheum,2001,2001/11/17,,,10.1002/1529-0131(200111)44:11<2525::aid-art432>3.0.co;2-b
15336613,"Association of plasma folate, plasma total homocysteine, but not methylenetetrahydrofolate reductase C667T polymorphism, with bone mineral density in postmenopausal Iranian women: a cross-sectional study","Golbahar J, Hamidi A, Aminzadeh MA, Omrani GR.",Bone. 2004 Sep;35(3):760-5. doi: 10.1016/j.bone.2004.04.018.,Golbahar J,Bone,2004,2004/09/01,,,10.1016/j.bone.2004.04.018
15217535,Effect of the methylenetetrahydrofolate reductase C677T polymorphism on patients with cisplatin/gemcitabine-treated stage IV non-small-cell lung cancer,"Alberola V, Sarries C, Rosell R, Taron M, de las Peñas R, Camps C, Massuti B, Insa A, Garcia-Gomez R, Isla D, Artal A, Muñoz MA, Cobo M, Bover I, Gonzalez-Larria JL, Terrasa J, Almenar D, Barcelo R, Diz P, Sanchez-Ronco M, Sanchez JJ.",Clin Lung Cancer. 2004 May;5(6):360-5. doi: 10.3816/clc.2004.n.014.,Alberola V,Clin Lung Cancer,2004,2004/06/26,,,10.3816/clc.2004.n.014
11600611,Phase I clinical and pharmacogenetic trial of irinotecan and raltitrexed administered every 21 days to patients with cancer,"Stevenson JP, Redlinger M, Kluijtmans LA, Sun W, Algazy K, Giantonio B, Haller DG, Hardy C, Whitehead AS, O'Dwyer PJ.",J Clin Oncol. 2001 Oct 15;19(20):4081-7. doi: 10.1200/JCO.2001.19.20.4081.,Stevenson JP,J Clin Oncol,2001,2001/10/16,,,10.1200/JCO.2001.19.20.4081
11054348,A C677T mutation in the methylenetetrahydrofolate reductase gene modifies serum cysteine in dialysis patients,"Kimura H, Gejyo F, Suzuki S, Takeda T, Miyazaki R, Yoshida H.",Am J Kidney Dis. 2000 Nov;36(5):925-33. doi: 10.1053/ajkd.2000.19085.,Kimura H,Am J Kidney Dis,2000,2000/10/31,,,10.1053/ajkd.2000.19085
28689750,"Characteristics and Long-Term Prognosis of Patients ≤35 Years of Age with ST Segment Elevation Myocardial Infarction and ""Normal or Near Normal"" Coronary Arteries","Rallidis LS, Gialeraki A, Triantafyllis AS, Tsirebolos G, Liakos G, Moutsatsou P, Iliodromitis E.",Am J Cardiol. 2017 Sep 1;120(5):740-746. doi: 10.1016/j.amjcard.2017.06.002. Epub 2017 Jun 13.,Rallidis LS,Am J Cardiol,2017,2017/07/11,,,10.1016/j.amjcard.2017.06.002
15138617,The methylenetetrahydrofolate reductase C677T polymorphism is a major determinant of coffee-induced increase of plasma homocysteine: a randomized placebo controlled study,"Strandhagen E, Zetterberg H, Aires N, Palmér M, Rymo L, Blennow K, Landaas S, Thelle DS.",Int J Mol Med. 2004 Jun;13(6):811-5.,Strandhagen E,Int J Mol Med,2004,2004/05/13,,,
12747593,"Genetic variations observed in arterial and venous thromboembolism--relevance for therapy, risk prevention and prognosis","Harrington DJ, Malefora A, Schmeleva V, Kapustin S, Papayan L, Blinov M, Harrington P, Mitchell M, Savidge GF.",Clin Chem Lab Med. 2003 Apr;41(4):496-500. doi: 10.1515/CCLM.2003.075.,Harrington DJ,Clin Chem Lab Med,2003,2003/05/16,,,10.1515/CCLM.2003.075
12114885,Effect of long-term hormone replacement therapy on plasma homocysteine in postmenopausal women: a randomized controlled study,"Madsen JS, Kristensen SR, Klitgaard NA, Bladbjerg EM, Abrahamsen B, Stilgren L, Jespersen J.",Am J Obstet Gynecol. 2002 Jul;187(1):33-9. doi: 10.1067/mob.2002.123030.,Madsen JS,Am J Obstet Gynecol,2002,2002/07/13,,,10.1067/mob.2002.123030
19075497,Increasing the number of SNP loci does not necessarily improve prediction power at least in the comparison of MTHFR SNP and haplotypes,"Miyaki K, Takahashi Y, Song Y, Zhang L, Muramatsu M, Nakayama T.",J Epidemiol. 2008;18(6):243-50. doi: 10.2188/jea.je2008022. Epub 2008 Dec 9.,Miyaki K,J Epidemiol,2008,2008/12/18,PMC4771609,,10.2188/jea.je2008022
10833330,Investigation of folate pathway gene polymorphisms and the incidence of neural tube defects in a Texas hispanic population,"Barber R, Shalat S, Hendricks K, Joggerst B, Larsen R, Suarez L, Finnell R.",Mol Genet Metab. 2000 May;70(1):45-52. doi: 10.1006/mgme.2000.2991.,Barber R,Mol Genet Metab,2000,2000/06/02,,,10.1006/mgme.2000.2991
15003888,Methylenetetrahydrofolate reductase genotypes do not play a role in acute lymphoblastic leukemia pathogenesis in the Italian population,"Chiusolo P, Reddiconto G, Cimino G, Sica S, Fiorini A, Farina G, Vitale A, Sorà F, Laurenti L, Bartolozzi F, Fazi P, Mandelli F, Leone G.",Haematologica. 2004 Feb;89(2):139-44.,Chiusolo P,Haematologica,2004,2004/03/09,,,
24490800,A retrospective comparative exploratory study on two methylentetrahydrofolate reductase (MTHFR) polymorphisms in esophagogastric cancer: the A1298C MTHFR polymorphism is an independent prognostic factor only in neoadjuvantly treated gastric cancer patients,"Blank S, Rachakonda S, Keller G, Weichert W, Lordick F, Langer R, Springfeld C, Bruckner T, Becker K, Kumar R, Ott K.",BMC Cancer. 2014 Feb 3;14:58. doi: 10.1186/1471-2407-14-58.,Blank S,BMC Cancer,2014,2014/02/05,PMC3922603,,10.1186/1471-2407-14-58
11739968,Cerebrovascular events in patients with significant stenosis of the carotid artery are associated with hyperhomocysteinemia and platelet antigen-1 (Leu33Pro) polymorphism,"Streifler JY, Rosenberg N, Chetrit A, Eskaraev R, Sela BA, Dardik R, Zivelin A, Ravid B, Davidson J, Seligsohn U, Inbal A.",Stroke. 2001 Dec 1;32(12):2753-8. doi: 10.1161/hs1201.099650.,Streifler JY,Stroke,2001,2001/12/12,,,10.1161/hs1201.099650
14716779,Genetic polymorphisms in the Hmong population: implications for cancer etiology and survival,"Kiffmeyer WR, Langer E, Davies SM, Envall J, Robison LL, Ross JA.",Cancer. 2004 Jan 15;100(2):411-7. doi: 10.1002/cncr.11913.,Kiffmeyer WR,Cancer,2004,2004/01/13,,,10.1002/cncr.11913
15354385,"MTHFR C677T polymorphism, folic acid and hyperhomocysteinemia in levodopa treated patients with Parkinson's disease","Woitalla D, Kuhn W, Müller T.",J Neural Transm Suppl. 2004;(68):15-20. doi: 10.1007/978-3-7091-0579-5_2.,Woitalla D,J Neural Transm Suppl,2004,2004/09/10,,,10.1007/978-3-7091-0579-5_2
12356186,"Methylenetetrahydrofolate reductase gene polymorphism, hyperhomocysteinemia and occlusive retinal vascular disease in type 2 diabetic and non-diabetic subjects","Wirta V, Saransaari P, Wirta O, Rantalaiho V, Oja SS, Pasternack A, Koivula T, Lehtimäki T.",Clin Nephrol. 2002 Sep;58(3):171-8. doi: 10.5414/cnp58171.,Wirta V,Clin Nephrol,2002,2002/10/03,,,10.5414/cnp58171
18595133,Methylenetetrahydrofolate reductase C677T genotype affects promoter methylation of tumor-specific genes in sporadic colorectal cancer through an interaction with folate/vitamin B12 status,"Mokarram P, Naghibalhossaini F, Saberi Firoozi M, Hosseini SV, Izadpanah A, Salahi H, Malek-Hosseini SA, Talei A, Mojallal M.",World J Gastroenterol. 2008 Jun 21;14(23):3662-71. doi: 10.3748/wjg.14.3662.,Mokarram P,World J Gastroenterol,2008,2008/07/03,PMC2719229,,10.3748/wjg.14.3662
17546637,Polymorphisms involved in the folate metabolizing pathway and risk of multiple myeloma,"Kim HN, Kim YK, Lee IK, Lee JJ, Yang DH, Park KS, Choi JS, Park MR, Jo DY, Kim HJ.",Am J Hematol. 2007 Sep;82(9):798-801. doi: 10.1002/ajh.20967.,Kim HN,Am J Hematol,2007,2007/06/05,,,10.1002/ajh.20967
14727014,Evidence for an association of methylene tetrahydrofolate reductase polymorphism C677T and an increased risk of fractures: results from a population-based Danish twin study,"Bathum L, von Bornemann Hjelmborg J, Christiansen L, Madsen JS, Skytthe A, Christensen K.",Osteoporos Int. 2004 Aug;15(8):659-64. doi: 10.1007/s00198-003-1584-z. Epub 2004 Jan 16.,Bathum L,Osteoporos Int,2004,2004/01/17,,,10.1007/s00198-003-1584-z
12204804,Effects of serum B vitamins on elevated plasma homocysteine levels associated with the mutation of methylenetetrahydrofolate reductase gene in Japanese,"Moriyama Y, Okamura T, Kajinami K, Iso H, Inazu A, Kawashiri M, Mizuno M, Takeda Y, Sakamoto Y, Kimura H, Suzuki H, Mabuchi H.",Atherosclerosis. 2002 Oct;164(2):321-8. doi: 10.1016/s0021-9150(02)00105-3.,Moriyama Y,Atherosclerosis,2002,2002/09/03,,,10.1016/s0021-9150(02)00105-3
15950563,"Family history, plasma homocysteine, and age at onset of symptoms of myocardial ischemia in patients with different methylenetetrahydrofolate reductase genotypes","Mager A, Koren-Morag N, Shohat M, Harell D, Battler A.",Am J Cardiol. 2005 Jun 15;95(12):1420-4. doi: 10.1016/j.amjcard.2005.01.097.,Mager A,Am J Cardiol,2005,2005/06/14,,,10.1016/j.amjcard.2005.01.097
12689917,Genetic evidence that nitric oxide modulates homocysteine: the NOS3 894TT genotype is a risk factor for hyperhomocystenemia,"Brown KS, Kluijtmans LA, Young IS, Woodside J, Yarnell JW, McMaster D, Murray L, Evans AE, Boreham CA, McNulty H, Strain JJ, Mitchell LE, Whitehead AS.",Arterioscler Thromb Vasc Biol. 2003 Jun 1;23(6):1014-20. doi: 10.1161/01.ATV.0000071348.70527.F4. Epub 2003 Apr 10.,Brown KS,Arterioscler Thromb Vasc Biol,2003,2003/04/12,,,10.1161/01.ATV.0000071348.70527.F4
11207634,Determinants of changes in plasma homocysteine in hyperthyroidism and hypothyroidism,"Diekman MJ, van der Put NM, Blom HJ, Tijssen JG, Wiersinga WM.",Clin Endocrinol (Oxf). 2001 Feb;54(2):197-204. doi: 10.1046/j.1365-2265.2001.01170.x.,Diekman MJ,Clin Endocrinol (Oxf),2001,2001/02/24,,,10.1046/j.1365-2265.2001.01170.x
18328637,Protective effect against alcohol dependence of the thermolabile variant of MTHFR,"Saffroy R, Benyamina A, Pham P, Marill C, Karila L, Reffas M, Debuire B, Reynaud M, Lemoine A.",Drug Alcohol Depend. 2008 Jul 1;96(1-2):30-6. doi: 10.1016/j.drugalcdep.2008.01.016. Epub 2008 Mar 7.,Saffroy R,Drug Alcohol Depend,2008,2008/03/11,,,10.1016/j.drugalcdep.2008.01.016
15387863,Association of pre-eclampsia with hyperhomocysteinaemia and methylenetetrahydrofolate reductase gene C677T polymorphism in a Turkish population,"Yilmaz H, Unlüçerçi Y, Gürdöl F, Isbilen E, Isbir T.",Aust N Z J Obstet Gynaecol. 2004 Oct;44(5):423-7. doi: 10.1111/j.1479-828X.2004.00283.x.,Yilmaz H,Aust N Z J Obstet Gynaecol,2004,2004/09/25,,,10.1111/j.1479-828X.2004.00283.x
10926884,Riboflavin as a determinant of plasma total homocysteine: effect modification by the methylenetetrahydrofolate reductase C677T polymorphism,"Hustad S, Ueland PM, Vollset SE, Zhang Y, Bjørke-Monsen AL, Schneede J.",Clin Chem. 2000 Aug;46(8 Pt 1):1065-71.,Hustad S,Clin Chem,2000,2000/08/06,,,
16142884,Influence of methylenetetrahydrofolate reductase polymorphisms on efficacy and toxicity of methotrexate in patients with juvenile idiopathic arthritis,"Schmeling H, Biber D, Heins S, Horneff G.",J Rheumatol. 2005 Sep;32(9):1832-6.,Schmeling H,J Rheumatol,2005,2005/09/06,,,
18160726,"Influence of 5,10-methylenetetrahydrofolate reductase polymorphism on whole-blood folate concentrations measured by LC-MS/MS, microbiologic assay, and bio-rad radioassay","Fazili Z, Pfeiffer CM, Zhang M, Jain RB, Koontz D.",Clin Chem. 2008 Jan;54(1):197-201. doi: 10.1373/clinchem.2007.096545.,Fazili Z,Clin Chem,2008,2007/12/28,,,10.1373/clinchem.2007.096545
15607533,Methylenetetrahydrofolate reductase polymorphism associated with susceptibility to coronary heart disease in Chinese type 2 diabetic patients,"Sun J, Xu Y, Xue J, Zhu Y, Lu H.",Mol Cell Endocrinol. 2005 Jan 14;229(1-2):95-101. doi: 10.1016/j.mce.2004.09.003.,Sun J,Mol Cell Endocrinol,2005,2004/12/21,,,10.1016/j.mce.2004.09.003
18199722,Dietary vitamin B6 intake and the risk of colorectal cancer,"Theodoratou E, Farrington SM, Tenesa A, McNeill G, Cetnarskyj R, Barnetson RA, Porteous ME, Dunlop MG, Campbell H.",Cancer Epidemiol Biomarkers Prev. 2008 Jan;17(1):171-82. doi: 10.1158/1055-9965.EPI-07-0621.,Theodoratou E,Cancer Epidemiol Biomarkers Prev,2008,2008/01/18,,,10.1158/1055-9965.EPI-07-0621
12370840,Post-methionine-load hyperhomocysteinemia and increased lipoprotein(a) are associated with renal metabolic dysfunction: a hypothesis,"Herrmann W, Stanger O, Knapp JP, Semmelrock HJ, Lemmerer M, Rigler B.",Metabolism. 2002 Oct;51(10):1235-40. doi: 10.1053/meta.2002.35179.,Herrmann W,Metabolism,2002,2002/10/09,,,10.1053/meta.2002.35179
16704755,"Hyperhomocysteinaemia, methylenetetrahydrofolate reductase polymorphism and risk of coronary artery disease","Kerkeni M, Addad F, Chauffert M, Myara A, Gerhardt M, Chevenne D, Trivin F, Farhat MB, Miled A, Maaroufi K.",Ann Clin Biochem. 2006 May;43(Pt 3):200-6. doi: 10.1258/000456306776865232.,Kerkeni M,Ann Clin Biochem,2006,2006/05/18,,,10.1258/000456306776865232
15895286,"Assessment of tailor-made prevention of atherosclerosis with folic acid supplementation: randomized, double-blind, placebo-controlled trials in each MTHFR C677T genotype","Miyaki K, Murata M, Kikuchi H, Takei I, Nakayama T, Watanabe K, Omae K.",J Hum Genet. 2005;50(5):241-248. doi: 10.1007/s10038-005-0247-7. Epub 2005 May 14.,Miyaki K,J Hum Genet,2005,2005/05/17,,,10.1007/s10038-005-0247-7
15159311,Common gene polymorphisms in the metabolic folate and methylation pathway and the risk of acute lymphoblastic leukemia and non-Hodgkin's lymphoma in adults,"Gemmati D, Ongaro A, Scapoli GL, Della Porta M, Tognazzo S, Serino ML, Di Bona E, Rodeghiero F, Gilli G, Reverberi R, Caruso A, Pasello M, Pellati A, De Mattei M.",Cancer Epidemiol Biomarkers Prev. 2004 May;13(5):787-94.,Gemmati D,Cancer Epidemiol Biomarkers Prev,2004,2004/05/26,,,
18495456,Choline status is not a reliable indicator of moderate changes in dietary choline consumption in premenopausal women,"Abratte CM, Wang W, Li R, Axume J, Moriarty DJ, Caudill MA.",J Nutr Biochem. 2009 Jan;20(1):62-9. doi: 10.1016/j.jnutbio.2007.12.002. Epub 2008 May 20.,Abratte CM,J Nutr Biochem,2009,2008/05/23,,,10.1016/j.jnutbio.2007.12.002
12039122,The C677T polymorphism of the methylenetetrahydrofolate reductase gene and idiopathic recurrent miscarriage,"Unfried G, Griesmacher A, Weismüller W, Nagele F, Huber JC, Tempfer CB.",Obstet Gynecol. 2002 Apr;99(4):614-9. doi: 10.1016/s0029-7844(01)01789-6.,Unfried G,Obstet Gynecol,2002,2002/06/01,,,10.1016/s0029-7844(01)01789-6
15110890,Reduced breast cancer risk with increasing serum folate in a case-control study of the C677T genotype of the methylenetetrahydrofolate reductase gene,"Beilby J, Ingram D, Hähnel R, Rossi E.",Eur J Cancer. 2004 May;40(8):1250-4. doi: 10.1016/j.ejca.2004.01.026.,Beilby J,Eur J Cancer,2004,2004/04/28,,,10.1016/j.ejca.2004.01.026
18591889,Menopause modulates homocysteine levels in diabetic and non-diabetic women,"Russo GT, Di Benedetto A, Alessi E, Giandalia A, Gaudio A, Ientile R, Horvath KV, Asztalos B, Raimondo G, Cucinotta D.",J Endocrinol Invest. 2008 Jun;31(6):546-51. doi: 10.1007/BF03346406.,Russo GT,J Endocrinol Invest,2008,2008/07/02,,,10.1007/BF03346406
15479893,Thrombophilic factors are not the leading cause of thrombosis in Behçet's disease,"Leiba M, Seligsohn U, Sidi Y, Harats D, Sela BA, Griffin JH, Livneh A, Rosenberg N, Gelernter I, Gur H, Ehrenfeld M.",Ann Rheum Dis. 2004 Nov;63(11):1445-9. doi: 10.1136/ard.2003.014241.,Leiba M,Ann Rheum Dis,2004,2004/10/14,PMC1754810,,10.1136/ard.2003.014241
15785306,The relationships between plasma total homocysteine and selected atherosclerotic risk factors according to the C677T methylenetetrahydrofolate reductase gene in Japanese,"Lwin H, Yoshiike N, Yokoyama T, Saito K, Date C, Tanaka H.",Eur J Cardiovasc Prev Rehabil. 2005 Apr;12(2):182-4. doi: 10.1097/01.hjr.0000161441.03927.31.,Lwin H,Eur J Cardiovasc Prev Rehabil,2005,2005/03/24,,,10.1097/01.hjr.0000161441.03927.31
16987799,Association of the methylenetetrahydrofolate reductase A1298C but not the C677T single nucleotide polymorphism with sickle cell disease in Bahrain,"Al-Absi IK, Al-Subaie AM, Ameen G, Mahdi N, Mohammad AM, Fawaz NA, Almawi WY.",Hemoglobin. 2006;30(4):449-53. doi: 10.1080/03630260600867958.,Al-Absi IK,Hemoglobin,2006,2006/09/22,,,10.1080/03630260600867958
20881312,Superficial thrombophlebitis in varicose vein disease: the particular role of methylenetetrahydrofolate reductase,"Wilmanns C, Casey A, Schinzel H, Walter PK.",Phlebology. 2011 Jun;26(4):135-9. doi: 10.1258/phleb.2009.009075. Epub 2010 Sep 29.,Wilmanns C,Phlebology,2011,2010/10/01,,,10.1258/phleb.2009.009075
29030456,Association between percent decline in serum total homocysteine and risk of first stroke,"Huang X, Li Y, Li P, Li J, Bao H, Zhang Y, Wang B, Sun N, Wang J, He M, Yin D, Tang G, Chen Y, Cui Y, Huang Y, Hou FF, Qin X, Huo Y, Cheng X.",Neurology. 2017 Nov 14;89(20):2101-2107. doi: 10.1212/WNL.0000000000004648. Epub 2017 Oct 13.,Huang X,Neurology,2017,2017/10/15,,,10.1212/WNL.0000000000004648
23328702,Short-term folate supplementation in physiological doses has no effect on ESR1 and MLH1 methylation in colonic mucosa of individuals with adenoma,"Al-Ghnaniem Abbadi R, Emery P, Pufulete M.",J Nutrigenet Nutrigenomics. 2012;5(6):327-38. doi: 10.1159/000345819. Epub 2013 Jan 16.,Al-Ghnaniem Abbadi R,J Nutrigenet Nutrigenomics,2012,2013/01/19,,,10.1159/000345819
15525878,C677T methylene-tetrahydrofolate reductase mutation in type 2 diabetic patients with and without hyperhomocysteinaemia,"Buysschaert M, Gala JL, Bessomo A, Hermans MP.",Diabetes Metab. 2004 Sep;30(4):349-54. doi: 10.1016/s1262-3636(07)70127-1.,Buysschaert M,Diabetes Metab,2004,2004/11/05,,,10.1016/s1262-3636(07)70127-1
10704624,"Polygenic influence on plasma homocysteine: association of two prevalent mutations, the 844ins68 of cystathionine beta-synthase and A(2756)G of methionine synthase, with lowered plasma homocysteine levels","Tsai MY, Bignell M, Yang F, Welge BG, Graham KJ, Hanson NQ.",Atherosclerosis. 2000 Mar;149(1):131-7. doi: 10.1016/s0021-9150(99)00297-x.,Tsai MY,Atherosclerosis,2000,2000/03/08,,,10.1016/s0021-9150(99)00297-x
17709451,Folic acid and vitamin B-12 supplementation does not favorably influence uracil incorporation and promoter methylation in rectal mucosa DNA of subjects with previous colorectal adenomas,"van den Donk M, Pellis L, Crott JW, van Engeland M, Friederich P, Nagengast FM, van Bergeijk JD, de Boer SY, Mason JB, Kok FJ, Keijer J, Kampman E.",J Nutr. 2007 Sep;137(9):2114-20. doi: 10.1093/jn/137.9.2114.,van den Donk M,J Nutr,2007,2007/08/22,,,10.1093/jn/137.9.2114
18075008,Sex-specific effect of the thermolabile C677T mutation in the methylenetetrahydrofolate reductase gene on angiographically assessed coronary artery disease in Brazilians,"Rios DL, D'Onofrio LO, Carvalho HG, Santos-Filho A, Galvão-Castro B.",Hum Biol. 2007 Aug;79(4):453-61. doi: 10.1353/hub.2007.0053.,Rios DL,Hum Biol,2007,2007/12/14,,,10.1353/hub.2007.0053
19125845,Hyperhomocysteinemia in patients with epilepsy: does it play a role in the pathogenesis of brain atrophy? A preliminary report,"Gorgone G, Caccamo D, Pisani LR, Currò M, Parisi G, Oteri G, Ientile R, Rossini PM, Pisani F.",Epilepsia. 2009 Jan;50 Suppl 1:33-6. doi: 10.1111/j.1528-1167.2008.01967.x.,Gorgone G,Epilepsia,2009,2009/01/08,,,10.1111/j.1528-1167.2008.01967.x
28398657,Study Exploring the Effects of Daily Supplementation with 400 μg of Folic Acid on the Nutritional Status of Folate in Women of Reproductive Age,"Arias LD, Parra BE, Muñoz AM, Cárdenas DL, Duque TG, Manjarrés LM.",Birth Defects Res. 2017 May 1;109(8):564-573. doi: 10.1002/bdr2.1004. Epub 2017 Mar 15.,Arias LD,Birth Defects Res,2017,2017/04/12,,,10.1002/bdr2.1004
16397167,Methylenetetrahydrofolate reductase polymorphisms and homocysteine-lowering effect of vitamin therapy in Singaporean stroke patients,"Ho GY, Eikelboom JW, Hankey GJ, Wong CR, Tan SL, Chan JB, Chen CP.",Stroke. 2006 Feb;37(2):456-60. doi: 10.1161/01.STR.0000199845.27512.84. Epub 2006 Jan 5.,Ho GY,Stroke,2006,2006/01/07,,,10.1161/01.STR.0000199845.27512.84
16040247,Endothelial function markers in parkinsonian patients with hyperhomocysteinemia,"Bostantjopoulou S, Katsarou Z, Frangia T, Hatzizisi O, Papazisis K, Kyriazis G, Kiosseoglou G, Kazis A.",J Clin Neurosci. 2005 Aug;12(6):669-72. doi: 10.1016/j.jocn.2004.09.012.,Bostantjopoulou S,J Clin Neurosci,2005,2005/07/26,,,10.1016/j.jocn.2004.09.012
12594357,The C677T mutation in the methylenetetrahydrofolate reductase gene among the Indonesian Javanese population,"Sadewa AH, Sunarti, Sutomo R, Hayashi C, Lee MJ, Ayaki H, Sofro AS, Matsuo M, Nishio H.",Kobe J Med Sci. 2002 Dec;48(5-6):137-44.,Sadewa AH,Kobe J Med Sci,2002,2003/02/21,,,
12433726,Susceptibility to gastric cardia adenocarcinoma and genetic polymorphisms in methylenetetrahydrofolate reductase in an at-risk Chinese population,"Miao X, Xing D, Tan W, Qi J, Lu W, Lin D.",Cancer Epidemiol Biomarkers Prev. 2002 Nov;11(11):1454-8.,Miao X,Cancer Epidemiol Biomarkers Prev,2002,2002/11/16,,,
11172470,Risk factors for atherosclerosis in survivors of myocardial infarction and their spouses: comparison to controls without personal and family history of atherosclerosis,"Raslová K, Smolková B, Vohnout B, Gasparovic J, Frohlich JJ.",Metabolism. 2001 Jan;50(1):24-9. doi: 10.1053/meta.2001.19499.,Raslová K,Metabolism,2001,2001/02/15,,,10.1053/meta.2001.19499
12792513,Vitamin supplementation reduces the progression of atherosclerosis in hyperhomocysteinemic renal-transplant recipients,"Marcucci R, Zanazzi M, Bertoni E, Rosati A, Fedi S, Lenti M, Prisco D, Castellani S, Abbate R, Salvadori M.",Transplantation. 2003 May 15;75(9):1551-5. doi: 10.1097/01.TP.0000058810.59825.58.,Marcucci R,Transplantation,2003,2003/06/07,,,10.1097/01.TP.0000058810.59825.58
15369744,Hyperhomocysteinemia in acute Plasmodium falciparum malaria: an effect of host-parasite interaction,"Chillemi R, Zappacosta B, Simporè J, Persichilli S, Musumeci M, Musumeci S.",Clin Chim Acta. 2004 Oct;348(1-2):113-20. doi: 10.1016/j.cccn.2004.05.007.,Chillemi R,Clin Chim Acta,2004,2004/09/17,,,10.1016/j.cccn.2004.05.007
25099492,Comparative pharmacogenetic analysis of risk polymorphisms in Caucasian and Vietnamese children with acute lymphoblastic leukemia: prediction of therapeutic outcome?,"Hoang PT, Ambroise J, Dekairelle AF, Durant JF, Butoescu V, Chi VL, Huynh N, Nguyen TB, Robert A, Vermylen C, Gala JL.",Br J Clin Pharmacol. 2015 Mar;79(3):429-40. doi: 10.1111/bcp.12481.,Hoang PT,Br J Clin Pharmacol,2015,2014/08/08,PMC4345953,,10.1111/bcp.12481
22023244,Detection of thrombophilic mutations related to spontaneous abortions by a multiplex SNaPshot method,"Madjunkova S, Volk M, Peterlin B, Plaseska-Karanfilska D.",Genet Test Mol Biomarkers. 2012 Apr;16(4):259-64. doi: 10.1089/gtmb.2011.0173. Epub 2011 Oct 24.,Madjunkova S,Genet Test Mol Biomarkers,2012,2011/10/26,PMC3326265,,10.1089/gtmb.2011.0173
31865785,Estimated Stroke-Free Survival of Folic Acid Therapy for Hypertensive Adults: Projection Based on the CSPPT,"Zhang T, Lin T, Wang Y, Wang B, Qin X, Xie F, Cui Y, Huo Y, Wang X, Zhang Z, Jiang J.",Hypertension. 2020 Feb;75(2):339-346. doi: 10.1161/HYPERTENSIONAHA.119.14102. Epub 2019 Dec 23.,Zhang T,Hypertension,2020,2019/12/24,PMC8020900,NIHMS1682898,10.1161/HYPERTENSIONAHA.119.14102
14586640,The thymidylate synthase tandem repeat polymorphism is not associated with homocysteine concentrations in healthy young subjects,"Brown KS, Kluijtmans LA, Young IS, McNulty H, Mitchell LE, Yarnell JW, Woodside JV, Boreham CA, McMaster D, Murray L, Strain JJ, Whitehead AS.",Hum Genet. 2004 Jan;114(2):182-5. doi: 10.1007/s00439-003-1039-9. Epub 2003 Oct 25.,Brown KS,Hum Genet,2004,2003/10/31,,,10.1007/s00439-003-1039-9
18797703,Reduced folate carrier 1 (RFC1) is associated with cleft of the lip only,"Vieira AR, Cooper ME, Marazita ML, Castilla EE, Orioli IM.",Braz J Med Biol Res. 2008 Aug;41(8):689-93. doi: 10.1590/s0100-879x2008000800009.,Vieira AR,Braz J Med Biol Res,2008,2008/09/18,,,10.1590/s0100-879x2008000800009
14669168,"Polycystic ovary syndrome, the G1691A factor V Leiden mutation, and plasminogen activator inhibitor activity: associations with recurrent pregnancy loss","Glueck CJ, Wang P, Bornovali S, Goldenberg N, Sieve L.",Metabolism. 2003 Dec;52(12):1627-32. doi: 10.1016/j.metabol.2003.06.001.,Glueck CJ,Metabolism,2003,2003/12/12,,,10.1016/j.metabol.2003.06.001
15470279,Combination of thrombophilia markers in acute myocardial infarction of the young,"Khare A, Ghosh K, Shetty S, Kulkarni B, Mohanty D.",Indian J Med Sci. 2004 Sep;58(9):381-8.,Khare A,Indian J Med Sci,2004,2004/10/08,,,
15117441,"Hyperhomocysteinaemia in a young woman presenting with stroke, associated with methylene tetrahydrofolate reductase C677T homozygosity","Saldana Chaparro R, Barron JL.",Ann Clin Biochem. 2004 May;41(Pt 3):241-4. doi: 10.1258/000456304323019640.,Saldana Chaparro R,Ann Clin Biochem,2004,2004/05/01,,,10.1258/000456304323019640
41288983,"Inherited Thrombophilia in Early-Onset Carotid Stenosis: A Comparative Study of Dissection, Atherosclerosis, Fibromuscular Dysplasia, and Other Etiologies","Marzioglu Ozdemir E, Ozdemir G.",Clin Appl Thromb Hemost. 2025 Jan-Dec;31:10760296251401577. doi: 10.1177/10760296251401577. Epub 2025 Nov 25.,Marzioglu Ozdemir E,Clin Appl Thromb Hemost,2025,2025/11/25,PMC12647536,,10.1177/10760296251401577